time,high,low,open,volumefrom,volumeto,close
2014-12-02,1.896,1.789,1.779,0.0,0.0,1.896
2014-12-03,1.885,1.772,1.896,0.0,0.0,1.877
2014-12-04,2.034,1.664,1.877,0.0,0.0,1.664
2014-12-05,1.775,1.699,1.664,0.0,0.0,1.699
2014-12-06,1.765,1.505,1.699,0.0,0.0,1.577
2014-12-07,1.845,1.506,1.577,0.0,0.0,1.841
2014-12-08,1.825,1.496,1.841,0.0,0.0,1.622
2014-12-09,1.707,1.444,1.622,0.0,0.0,1.707
2014-12-10,1.686,1.427,1.707,0.0,0.0,1.427
2014-12-11,1.425,1.408,1.427,0.0,0.0,1.408
2014-12-12,1.643,1.431,1.408,0.0,0.0,1.47
2014-12-13,1.56,1.448,1.47,0.0,0.0,1.448
2014-12-14,1.453,1.366,1.448,0.0,0.0,1.366
2014-12-15,1.54,1.35,1.366,0.0,0.0,1.35
2014-12-16,1.291,1.291,1.35,0.0,0.0,1.291
2014-12-17,1.408,1.012,1.291,0.0,0.0,1.382
2014-12-18,1.341,0.9813,1.382,0.0,0.0,1.341
2014-12-19,1.373,1.005,1.341,0.0,0.0,1.271
2014-12-20,1.321,1.045,1.271,0.0,0.0,1.321
2014-12-21,1.291,1.023,1.321,0.0,0.0,1.291
2014-12-22,1.429,1.049,1.291,0.0,0.0,1.075
2014-12-23,1.307,1.06,1.075,0.0,0.0,1.06
2014-12-24,1.241,1.019,1.06,0.0,0.0,1.019
2014-12-25,1.244,1.009,1.019,0.0,0.0,1.244
2014-12-26,1.287,1.043,1.244,0.0,0.0,1.043
2014-12-27,1.23,0.9971,1.043,0.0,0.0,0.9971
2014-12-28,1.231,1.001,0.9971,0.0,0.0,1.064
2014-12-29,1.087,0.9424,1.064,0.0,0.0,1.087
2014-12-30,1.18,0.9494,1.087,0.0,0.0,0.9556
2014-12-31,1.206,0.977,0.9556,0.0,0.0,0.977
2015-01-01,1.194,0.9667,0.977,0.0,0.0,1.193
2015-01-02,1.195,0.788,1.193,0.0,0.0,0.788
2015-01-03,0.8815,0.7178,0.788,0.0,0.0,0.8614
2015-01-04,0.8259,0.6618,0.8614,0.0,0.0,0.7439
2015-01-05,0.9867,0.7421,0.7439,0.0,0.0,0.7696
2015-01-06,1.013,0.7904,0.7696,0.0,0.0,0.7904
2015-01-07,0.8536,0.8158,0.7904,0.0,0.0,0.8163
2015-01-08,0.8532,0.7067,0.8163,0.0,0.0,0.7927
2015-01-09,0.9791,0.8072,0.7927,0.0,0.0,0.8072
2015-01-10,0.9291,0.5467,0.8072,0.0,0.0,0.9291
2015-01-11,0.9,0.5295,0.9291,0.0,0.0,0.7422
2015-01-12,0.9155,0.5387,0.7422,0.0,0.0,0.7549
2015-01-13,0.6203,0.4426,0.7549,0.0,0.0,0.6203
2015-01-14,0.5172,0.3419,0.6203,0.0,0.0,0.5172
2015-01-15,0.6629,0.5882,0.5172,0.0,0.0,0.5882
2015-01-16,0.6539,0.4414,0.5882,0.0,0.0,0.5918
2015-01-17,0.6307,0.5596,0.5918,0.0,0.0,0.5596
2015-01-18,0.6689,0.5904,0.5596,0.0,0.0,0.6689
2015-01-19,0.6856,0.6055,0.6689,0.0,0.0,0.6055
2015-01-20,0.639,0.5906,0.6055,0.0,0.0,0.5975
2015-01-21,0.7247,0.6412,0.5975,0.0,0.0,0.7247
2015-01-22,0.7391,0.569,0.7247,0.0,0.0,0.569
2015-01-23,0.6508,0.5677,0.569,0.0,0.0,0.6498
2015-01-24,0.8256,0.6946,0.6498,0.0,0.0,0.8256
2015-01-25,0.8571,0.7328,0.8256,0.0,0.0,0.7331
2015-01-26,1.047,0.7545,0.7331,0.0,0.0,0.7548
2015-01-27,0.8791,0.7227,0.7548,0.0,0.0,0.8791
2015-01-28,0.7886,0.7883,0.8791,0.0,0.0,0.7883
2015-01-29,0.7811,0.6423,0.7883,7.198,4.721,0.6559
2015-01-30,0.757,0.6498,0.6559,0.0,0.0,0.757
2015-01-31,0.7512,0.614,0.757,0.0,0.0,0.699
2015-02-01,0.7207,0.6315,0.699,0.0,0.0,0.6315
2015-02-02,0.7409,0.6695,0.6315,9.516,6.371,0.6695
2015-02-03,0.6829,0.6374,0.6695,0.0,0.0,0.6549
2015-02-04,0.7246,0.6351,0.6549,0.0,0.0,0.6351
2015-02-05,0.6106,0.6069,0.6351,0.0,0.0,0.6069
2015-02-06,0.8729,0.625,0.6069,0.0,0.0,0.6254
2015-02-07,0.714,0.6386,0.6254,5.889,4.205,0.714
2015-02-08,0.7014,0.6348,0.714,0.0,0.0,0.6348
2015-02-09,0.7712,0.6253,0.6348,0.0,0.0,0.661
2015-02-10,0.8268,0.659,0.661,0.0,0.0,0.6812
2015-02-11,0.8022,0.6786,0.6812,0.0,0.0,0.6849
2015-02-12,0.8129,0.6942,0.6849,0.0,0.0,0.7097
2015-02-13,0.8044,0.7392,0.7097,0.0,0.0,0.8044
2015-02-14,0.9482,0.7759,0.8044,8.207,6.385,0.778
2015-02-15,0.7061,0.6998,0.778,0.0,0.0,0.6998
2015-02-16,0.8254,0.7075,0.6998,0.0,0.0,0.7075
2015-02-17,0.8952,0.7296,0.7075,0.0,0.0,0.7298
2015-02-18,0.8114,0.7058,0.7298,0.0,0.0,0.8114
2015-02-19,1.039,0.7587,0.8114,0.0,0.0,1.039
2015-02-20,1.198,0.9047,1.039,0.0,0.0,1.076
2015-02-21,1.346,0.9644,0.9649,0.0,0.0,1.196
2015-02-22,1.298,1.013,1.196,0.0,0.0,1.237
2015-02-23,1.383,0.9195,1.237,0.0,0.0,1.029
2015-02-24,1.338,1.029,1.029,0.0,0.0,1.075
2015-02-25,1.543,1.022,1.075,0.0,0.0,1.03
2015-02-26,1.407,1.023,1.03,0.0,0.0,1.023
2015-02-27,1.133,0.9885,1.023,0.0,0.0,1.001
2015-02-28,1.136,1.004,1.001,0.0,0.0,1.136
2015-03-01,1.153,1.059,1.136,0.0,0.0,1.121
2015-03-02,1.19,1.054,1.121,0.0,0.0,1.054
2015-03-03,1.219,0.8897,1.054,0.0,0.0,0.8897
2015-03-04,1.126,0.862,0.8897,0.0,0.0,0.8701
2015-03-05,1.134,0.8725,0.8701,0.0,0.0,0.9826
2015-03-06,1.032,0.864,0.9826,0.0,0.0,0.864
2015-03-07,0.8918,0.8715,0.864,0.0,0.0,0.8715
2015-03-08,1.103,0.8701,0.8715,0.0,0.0,1.007
2015-03-09,1.059,0.815,1.002,0.0,0.0,0.815
2015-03-10,0.9324,0.472,0.815,0.0,0.0,0.6474
2015-03-11,0.9459,0.4789,0.6474,0.0,0.0,0.6355
2015-03-12,0.6318,0.3697,0.6355,0.0,0.0,0.3697
2015-03-13,0.4308,0.2872,0.3697,0.0,0.0,0.2872
2015-03-14,0.3661,0.1774,0.2872,6.246,1.126,0.1803
2015-03-15,0.3533,0.1824,0.1803,0.0,0.0,0.2279
2015-03-16,0.3087,0.2323,0.2279,0.0,0.0,0.2672
2015-03-17,0.4281,0.254,0.2672,0.0,0.0,0.4281
2015-03-18,0.5502,0.3839,0.4281,0.0,0.0,0.3839
2015-03-19,0.3914,0.3298,0.3839,0.0,0.0,0.3757
2015-03-20,0.3885,0.2257,0.3757,0.0,0.0,0.2356
2015-03-21,0.3854,0.2338,0.2356,0.0,0.0,0.3854
2015-03-22,0.3986,0.3986,0.3854,0.0,0.0,0.3986
2015-03-23,0.3939,0.3939,0.3986,0.0,0.0,0.3939
2015-03-24,0.3661,0.3661,0.3939,0.0,0.0,0.3661
2015-03-25,0.3656,0.308,0.3661,0.0,0.0,0.308
2015-03-26,0.3755,0.31,0.308,1.239,0.464,0.3745
2015-03-27,0.3733,0.309,0.3745,0.0,0.0,0.309
2015-03-28,0.3528,0.2566,0.309,0.0,0.0,0.28
2015-03-29,0.3147,0.2663,0.28,16.96,5.337,0.3147
2015-03-30,0.2897,0.2347,0.2302,0.0,0.0,0.2347
2015-03-31,0.2442,0.2322,0.2347,0.0,0.0,0.2442
2015-04-01,0.6668,0.2395,0.2442,0.0,0.0,0.6397
2015-04-02,0.6563,0.2526,0.6397,0.0,0.0,0.5052
2015-04-03,0.514,0.2774,0.5052,0.0,0.0,0.4825
2015-04-04,0.5108,0.3288,0.4825,0.0,0.0,0.3288
2015-04-05,0.4811,0.3375,0.3288,0.0,0.0,0.4154
2015-04-06,0.5199,0.3315,0.4154,0.0,0.0,0.5199
2015-04-07,0.5158,0.3291,0.5199,0.0,0.0,0.3929
2015-04-08,0.4891,0.3182,0.3929,0.0,0.0,0.4402
2015-04-09,0.438,0.3163,0.4402,0.0,0.0,0.3222
2015-04-10,0.446,0.3051,0.3222,0.0,0.0,0.3101
2015-04-11,0.4493,0.3098,0.3101,0.0,0.0,0.31
2015-04-12,0.4446,0.3092,0.31,0.0,0.0,0.4243
2015-04-13,0.4022,0.2951,0.4243,0.0,0.0,0.2951
2015-04-14,0.2877,0.2877,0.2951,0.0,0.0,0.2877
2015-04-15,0.2943,0.2943,0.2877,0.0,0.0,0.2943
2015-04-16,0.3009,0.3009,0.2943,0.0,0.0,0.3009
2015-04-17,0.2293,0.2115,0.2166,15.92,3.65,0.2293
2015-04-18,0.2301,0.2301,0.2293,0.0,0.0,0.2301
2015-04-19,0.2297,0.2297,0.2301,0.0,0.0,0.2297
2015-04-20,0.231,0.231,0.2297,0.0,0.0,0.231
2015-04-21,0.2407,0.2407,0.231,0.0,0.0,0.2407
2015-04-22,0.2408,0.2408,0.2407,0.0,0.0,0.2408
2015-04-23,0.4002,0.3797,0.3771,0.0,0.0,0.4002
2015-04-24,0.3929,0.312,0.4002,0.0,0.0,0.3929
2015-04-25,0.3844,0.3166,0.3929,0.0,0.0,0.3844
2015-04-26,0.3718,0.3062,0.3844,0.0,0.0,0.3062
2015-04-27,0.4694,0.3205,0.3062,0.0,0.0,0.4694
2015-04-28,0.4629,0.3398,0.4694,0.0,0.0,0.4629
2015-04-29,0.4621,0.3456,0.4629,0.0,0.0,0.4508
2015-04-30,0.4946,0.3537,0.4508,0.0,0.0,0.3537
2015-05-01,0.4172,0.3498,0.3537,0.0,0.0,0.35
2015-05-02,0.6354,0.353,0.35,0.0,0.0,0.353
2015-05-03,0.5981,0.36,0.353,0.0,0.0,0.384
2015-05-04,0.4779,0.3585,0.384,0.0,0.0,0.4779
2015-05-05,0.4716,0.3537,0.4779,0.0,0.0,0.4127
2015-05-06,0.4026,0.345,0.4009,0.0,0.0,0.4026
2015-05-07,0.527,0.3566,0.4026,0.0,0.0,0.4755
2015-05-08,0.5145,0.4387,0.4755,0.0,0.0,0.4387
2015-05-09,0.6144,0.4345,0.4387,37.57,16.32,0.4345
2015-05-10,0.5999,0.4319,0.4345,0.0,0.0,0.4319
2015-05-11,0.6154,0.4353,0.4319,0.0,0.0,0.4355
2015-05-12,0.5798,0.575,0.5755,0.0,0.0,0.5774
2015-05-13,0.5909,0.5649,0.5774,0.0,0.0,0.5779
2015-05-14,1.042,0.5792,0.5779,0.1,0.08292,0.8292
2015-05-15,0.8895,0.6404,0.8292,0.0,0.0,0.8183
2015-05-16,0.8405,0.639,0.8183,22.66,15.1,0.6662
2015-05-17,0.9452,0.6664,0.6662,33.59,23.81,0.7089
2015-05-18,0.8852,0.6979,0.7089,0.0,0.0,0.8852
2015-05-19,1.003,0.8828,0.8852,0.0,0.0,0.9281
2015-05-20,1.24,0.9225,0.9281,7.475,8.394,1.123
2015-05-21,1.236,0.9361,1.123,0.0,0.0,0.9427
2015-05-22,1.31,0.9254,0.9427,0.0,0.0,1.056
2015-05-23,1.179,1.049,1.056,1.397,1.647,1.179
2015-05-24,1.422,1.018,1.179,0.0,0.0,1.036
2015-05-25,1.543,0.9212,1.036,0.128,0.1329,1.038
2015-05-26,1.229,0.905,1.037,0.3866,0.3862,0.9989
2015-05-27,1.226,0.9966,0.9989,0.0346,0.03903,1.128
2015-05-28,1.226,1.02,1.128,0.0,0.0,1.068
2015-05-29,1.188,1.067,1.068,3.0,3.27,1.09
2015-05-30,1.166,1.049,1.09,0.0,0.0,1.049
2015-05-31,1.115,1.034,1.049,0.0,0.0,1.034
2015-06-01,1.015,0.9196,1.034,0.0,0.0,0.9196
2015-06-02,1.036,0.84,0.9196,0.0,0.0,0.84
2015-06-03,1.008,0.7444,0.84,0.0,0.0,0.7474
2015-06-04,0.9182,0.7428,0.7474,0.0,0.0,0.7428
2015-06-05,0.8599,0.7464,0.7428,0.0,0.0,0.8194
2015-06-06,0.8174,0.7446,0.8194,0.0,0.0,0.7866
2015-06-07,0.8514,0.7821,0.7866,0.0,0.0,0.7821
2015-06-08,0.8366,0.8,0.7821,0.0,0.0,0.8366
2015-06-09,0.8618,0.7743,0.8366,0.0,0.0,0.7759
2015-06-10,0.8603,0.7513,0.7759,0.0,0.0,0.8603
2015-06-11,0.8735,0.7126,0.8603,0.0,0.0,0.8735
2015-06-12,0.8797,0.7375,0.8735,0.0,0.0,0.7605
2015-06-13,1.076,0.7672,0.7605,0.0,0.0,1.046
2015-06-14,1.169,1.04,1.046,0.0,0.0,1.134
2015-06-15,1.149,0.7525,1.134,0.0,0.0,0.9376
2015-06-16,1.247,0.9883,0.9376,0.0,0.0,1.036
2015-06-17,1.583,0.9861,1.036,0.0,0.0,1.026
2015-06-18,4.169,1.03,1.026,3.034,8.292,2.733
2015-06-19,4.018,2.685,2.733,5.091,20.1,3.948
2015-06-20,2.221,1.274,1.953,1.013,2.159,2.131
2015-06-21,2.197,1.737,2.131,0.007,0.01231,1.758
2015-06-22,2.102,1.782,1.758,0.0,0.0,2.102
2015-06-23,2.07,1.779,2.102,0.3676,0.7528,2.048
2015-06-24,2.021,1.756,2.048,5.5,9.658,1.756
2015-06-25,2.031,1.771,1.756,1.472,2.607,1.771
2015-06-26,2.004,1.774,1.771,0.0,0.0,2.004
2015-06-27,2.1,1.83,1.774,5.69,11.93,2.096
2015-06-28,2.086,1.817,2.096,1.978,3.671,1.856
2015-06-29,3.592,1.917,1.856,0.0,0.0,3.235
2015-06-30,3.729,2.879,3.235,0.5259,1.653,3.143
2015-07-01,3.066,2.808,3.143,0.0,0.0,2.808
2015-07-02,2.778,2.486,2.808,0.0,0.0,2.487
2015-07-03,2.492,2.491,2.487,3.616,9.007,2.491
2015-07-04,2.783,2.541,2.491,0.0,0.0,2.77
2015-07-05,2.872,2.284,2.77,2.395,6.452,2.694
2015-07-06,3.498,2.657,2.694,12.53,42.45,3.388
2015-07-07,3.543,2.888,3.388,0.5253,1.734,3.301
2015-07-08,3.452,2.103,3.301,0.0,0.0,2.103
2015-07-09,3.445,2.107,2.103,10.0,26.91,2.691
2015-07-10,3.639,2.779,2.691,0.0,0.0,2.808
2015-07-11,2.891,2.511,2.808,0.0,0.0,2.718
2015-07-12,2.996,2.735,2.718,0.0,0.0,2.735
2015-07-13,2.73,2.326,2.735,0.0,0.0,2.458
2015-07-14,2.61,2.152,2.458,0.5771,1.242,2.152
2015-07-15,3.684,2.126,2.152,0.0,0.0,2.694
2015-07-16,3.159,2.24,2.694,0.0,0.0,2.24
2015-07-17,2.847,2.237,2.24,0.0,0.0,2.237
2015-07-18,2.79,2.192,2.237,0.0,0.0,2.751
2015-07-19,2.743,2.185,2.751,0.1926,0.5139,2.668
2015-07-20,2.712,2.221,2.668,0.0,0.0,2.348
2015-07-21,2.514,2.201,2.348,0.0,0.0,2.201
2015-07-22,2.378,2.212,2.201,0.0,0.0,2.212
2015-07-23,3.292,3.29,3.301,5.0,16.46,3.292
2015-07-24,2.307,2.105,2.177,3.0,6.921,2.307
2015-07-25,2.31,2.108,2.307,0.0836,0.1762,2.108
2015-07-26,2.334,2.13,2.108,2.047,4.778,2.334
2015-07-27,2.8,2.139,2.334,0.0,0.0,2.8
2015-07-28,2.869,2.144,2.8,0.0,0.0,2.233
2015-07-29,2.538,2.105,2.233,0.0,0.0,2.177
2015-07-30,2.232,2.167,2.177,0.7122,1.543,2.167
2015-07-31,2.766,2.142,2.167,0.0,0.0,2.468
2015-08-01,2.716,2.244,2.468,0.0,0.0,2.351
2015-08-02,2.545,2.124,2.351,0.0,0.0,2.147
2015-08-03,2.675,2.126,2.147,0.0,0.0,2.14
2015-08-04,2.309,2.161,2.14,0.0,0.0,2.291
2015-08-05,2.276,2.127,2.291,0.0,0.0,2.248
2015-08-06,2.185,1.7,2.214,0.0,0.0,1.975
2015-08-07,2.102,1.67,1.975,0.0,0.0,2.013
2015-08-08,1.903,1.293,2.013,0.0,0.0,1.647
2015-08-09,1.813,1.319,1.647,0.0,0.0,1.704
2015-08-10,1.7,1.343,1.704,0.0335,0.05122,1.529
2015-08-11,1.932,1.48,1.529,0.251,0.3715,1.48
2015-08-12,1.775,1.472,1.48,0.0,0.0,1.472
2015-08-13,1.458,1.449,1.472,0.0,0.0,1.449
2015-08-14,1.458,1.458,1.449,0.0,0.0,1.458
2015-08-15,1.433,1.433,1.458,0.0,0.0,1.433
2015-08-16,1.671,1.414,1.433,0.0,0.0,1.523
2015-08-17,1.523,1.414,1.523,0.0658,0.09488,1.442
2015-08-18,1.384,1.357,1.442,0.0,0.0,1.359
2015-08-19,1.727,1.245,1.359,0.0,0.0,1.356
2015-08-20,1.807,1.291,1.356,0.0,0.0,1.291
2015-08-21,1.539,1.278,1.291,0.0,0.0,1.539
2015-08-22,1.717,1.492,1.539,0.0,0.0,1.717
2015-08-23,1.87,1.474,1.717,0.0,0.0,1.474
2015-08-24,1.374,1.374,1.474,0.0,0.0,1.374
2015-08-25,1.544,1.103,1.374,0.0,0.0,1.382
2015-08-26,1.41,0.8999,1.382,0.0,0.0,1.35
2015-08-27,1.336,0.8909,1.35,0.0,0.0,0.8909
2015-08-28,1.274,0.9266,0.8909,0.0,0.0,0.9266
2015-08-29,1.257,0.914,0.9266,0.0,0.0,0.914
2015-08-30,0.9364,0.9364,0.9369,0.0,0.0,0.9364
2015-08-31,1.262,0.807,0.9364,0.0,0.0,1.262
2015-09-01,1.249,0.821,1.262,1.697,1.401,0.8256
2015-09-02,1.372,0.7426,0.8256,1.011,0.809,0.8002
2015-09-03,1.108,0.7329,0.8002,0.0,0.0,1.041
2015-09-04,1.128,0.9652,1.041,0.1586,0.1531,0.9652
2015-09-05,1.519,0.7524,0.9652,0.0,0.0,1.052
2015-09-06,1.559,0.7723,1.052,0.0,0.0,0.7723
2015-09-07,1.075,0.7714,0.7723,0.0,0.0,0.7786
2015-09-08,0.8027,0.7905,0.7786,0.0,0.0,0.8027
2015-09-09,1.591,0.7835,0.8027,0.0,0.0,1.591
2015-09-10,1.595,0.793,1.591,0.0,0.0,0.7935
2015-09-11,1.343,0.7996,0.7935,0.0,0.0,1.299
2015-09-12,1.276,0.8835,1.299,0.0,0.0,0.8835
2015-09-13,1.151,0.8632,0.8835,0.0,0.0,0.9226
2015-09-14,1.092,0.8622,0.9226,0.0,0.0,0.8622
2015-09-15,1.515,0.8607,0.8622,0.0,0.0,1.515
2015-09-16,1.509,0.8687,1.515,0.0,0.0,0.8689
2015-09-17,1.187,0.8846,0.8689,0.0,0.0,1.187
2015-09-18,1.393,0.9288,1.187,0.0,0.0,0.9288
2015-09-19,0.9244,0.9244,0.9288,0.0,0.0,0.9244
2015-09-20,0.9244,0.9244,0.9244,0.0,0.0,0.9244
2015-09-21,1.471,0.9053,0.9244,0.0,0.0,1.343
2015-09-22,1.365,1.04,1.343,0.0,0.0,1.15
2015-09-23,1.149,1.149,1.15,0.0,0.0,1.149
2015-09-24,1.169,1.052,1.149,0.0,0.0,1.052
2015-09-25,1.062,0.9881,1.052,0.0,0.0,0.9881
2015-09-26,1.312,1.003,1.013,0.1224,0.1603,1.31
2015-09-27,1.3,0.9951,1.31,0.0,0.0,1.072
2015-09-28,1.338,1.027,0.9998,0.0,0.0,1.338
2015-09-29,1.408,1.018,1.338,0.0,0.0,1.302
2015-09-30,1.298,1.019,1.302,0.0,0.0,1.019
2015-10-01,1.048,1.024,1.043,0.0,0.0,1.024
2015-10-02,1.068,0.9468,1.024,0.0,0.0,1.02
2015-10-03,1.193,0.9543,1.02,0.0,0.0,0.9567
2015-10-04,1.138,0.6435,0.9567,0.0,0.0,0.7233
2015-10-05,0.7289,0.4325,0.7233,0.333,0.1783,0.5355
2015-10-06,0.6892,0.5154,0.5355,0.0,0.0,0.6892
2015-10-07,0.6803,0.4967,0.6892,0.0,0.0,0.6803
2015-10-08,0.6792,0.4124,0.6803,0.0,0.0,0.4842
2015-10-09,0.5423,0.3661,0.4842,0.0,0.0,0.5423
2015-10-10,0.6747,0.319,0.5423,0.0,0.0,0.6686
2015-10-11,0.7429,0.3878,0.6686,0.0,0.0,0.5344
2015-10-12,0.5442,0.395,0.5344,0.0,0.0,0.4355
2015-10-13,0.5207,0.408,0.4355,0.0,0.0,0.518
2015-10-14,0.539,0.429,0.518,0.0,0.0,0.5047
2015-10-15,0.7089,0.5089,0.5047,0.0,0.0,0.5343
2015-10-16,0.9858,0.552,0.5343,0.0,0.0,0.5794
2015-10-17,0.9435,0.5931,0.5783,0.0,0.0,0.5933
2015-10-18,0.6217,0.5759,0.5933,0.0,0.0,0.5759
2015-10-19,0.75,0.5545,0.5759,0.0,0.0,0.5548
2015-10-20,0.7688,0.5665,0.5548,0.05,0.02844,0.5689
2015-10-21,0.9616,0.5609,0.5689,0.0,0.0,0.5609
2015-10-22,1.002,0.5763,0.5983,0.0,0.0,0.5831
2015-10-23,1.008,0.5815,0.5831,0.0,0.0,0.5843
2015-10-24,0.5962,0.5962,0.5843,0.0,0.0,0.5962
2015-10-25,0.8495,0.6249,0.6352,0.0,0.0,0.6333
2015-10-26,0.8298,0.4848,0.6333,0.4551,0.3776,0.8298
2015-10-27,0.7367,0.5304,0.5133,0.0,0.0,0.5304
2015-10-28,0.7558,0.5212,0.5304,0.0,0.0,0.5227
2015-10-29,0.9095,0.5018,0.5227,0.0,0.0,0.5046
2015-10-30,0.9392,0.5263,0.5046,0.0,0.0,0.5499
2015-10-31,0.6225,0.5167,0.5499,0.0,0.0,0.5864
2015-11-01,0.8881,0.5474,0.5848,31.53,17.31,0.549
2015-11-02,0.7186,0.6108,0.549,0.0,0.0,0.6108
2015-11-03,1.146,0.674,0.6108,0.0,0.0,0.9912
2015-11-04,1.604,0.7428,0.9912,0.0,0.0,1.559
2015-11-05,1.488,0.8419,1.559,0.0,0.0,0.8419
2015-11-06,0.8136,0.8136,0.8419,0.0,0.0,0.8136
2015-11-07,1.308,0.6589,1.256,0.0,0.0,0.6932
2015-11-08,1.238,0.6655,0.6932,0.0,0.0,0.6688
2015-11-09,0.7604,0.6844,0.6688,0.0,0.0,0.7224
2015-11-10,0.9764,0.6161,0.6958,0.0904,0.08827,0.9764
2015-11-11,1.219,0.5789,0.9764,0.0,0.0,0.6399
2015-11-12,1.602,0.7011,0.6399,0.0,0.0,1.369
2015-11-13,1.467,1.368,1.369,0.0,0.0,1.461
2015-11-14,1.393,1.36,1.368,0.15,0.2089,1.393
2015-11-15,1.324,1.302,1.36,21.61,28.61,1.324
2015-11-16,1.403,1.354,1.302,0.0,0.0,1.387
2015-11-17,1.469,1.468,1.451,0.0,0.0,1.469
2015-11-18,1.612,1.478,1.469,45.68,67.52,1.478
2015-11-19,1.726,1.43,1.612,0.881,1.339,1.52
2015-11-20,1.656,1.502,1.52,12.66,19.05,1.505
2015-11-21,1.658,1.52,1.505,0.0,0.0,1.52
2015-11-22,1.748,1.549,1.656,0.0,0.0,1.646
2015-11-23,1.933,1.546,1.646,0.0,0.0,1.578
2015-11-24,1.491,1.433,1.508,0.0366,0.05245,1.433
2015-11-25,1.474,1.474,1.433,45.39,66.9,1.474
2015-11-26,1.905,1.592,1.474,0.0,0.0,1.592
2015-11-27,1.798,1.618,1.592,0.3605,0.6482,1.798
2015-11-28,1.779,1.25,1.544,0.0,0.0,1.352
2015-11-29,1.669,1.41,1.601,0.0,0.0,1.41
2015-11-30,1.664,1.349,1.41,0.0,0.0,1.349
2015-12-01,1.622,1.194,1.694,28.29,34.88,1.233
2015-12-02,1.62,1.347,1.411,0.0,0.0,1.347
2015-12-03,1.852,1.259,1.347,0.0,0.0,1.757
2015-12-04,1.628,1.374,1.441,0.0,0.0,1.483
2015-12-05,1.74,1.508,1.627,0.0,0.0,1.508
2015-12-06,1.77,1.534,1.508,0.0,0.0,1.77
2015-12-07,1.774,1.538,1.77,0.0,0.0,1.735
2015-12-08,2.012,1.71,1.735,0.0,0.0,1.919
2015-12-09,1.878,1.041,1.643,0.0,0.0,1.56
2015-12-10,1.787,1.558,1.56,0.0,0.0,1.787
2015-12-11,1.934,1.439,1.787,0.0,0.0,1.439
2015-12-12,1.383,1.34,1.439,0.3992,0.5349,1.34
2015-12-13,1.738,1.348,1.377,0.0,0.0,1.348
2015-12-14,1.547,1.459,1.434,2.096,3.243,1.547
2015-12-15,1.851,1.395,1.547,0.0,0.0,1.851
2015-12-16,1.816,1.275,1.851,0.0,0.0,1.317
2015-12-17,1.321,1.321,1.317,0.0,0.0,1.321
2015-12-18,1.713,1.283,1.367,0.0,0.0,1.713
2015-12-19,1.614,1.291,1.621,10.72,17.3,1.614
2015-12-20,1.281,1.281,1.337,0.0,0.0,1.281
2015-12-21,1.4,1.269,1.281,0.0,0.0,1.269
2015-12-22,1.398,1.267,1.269,0.3,0.4194,1.398
2015-12-23,1.416,1.327,1.398,1.713,2.273,1.327
2015-12-24,1.585,1.359,1.327,0.0,0.0,1.585
2015-12-25,1.512,1.317,1.508,0.0,0.0,1.317
2015-12-26,1.383,1.205,1.512,0.1996,0.2571,1.288
2015-12-27,1.407,1.309,1.383,0.0,0.0,1.309
2015-12-28,1.391,1.307,1.393,0.0,0.0,1.307
2015-12-29,1.404,0.9157,1.371,0.42,0.4633,1.103
2015-12-30,1.281,1.091,1.296,0.0,0.0,1.091
2015-12-31,1.72,1.204,1.281,0.0,0.0,1.72
2016-01-01,1.736,1.389,1.72,0.0,0.0,1.389
2016-01-02,1.648,1.388,1.389,0.0,0.0,1.431
2016-01-03,1.615,1.615,1.626,0.0,0.0,1.615
2016-01-04,1.526,1.43,1.517,0.0,0.0,1.43
2016-01-05,1.423,1.423,1.43,0.0,0.0,1.423
2016-01-06,1.635,1.422,1.636,0.0,0.0,1.422
2016-01-07,1.735,1.735,1.635,0.199,0.3453,1.735
2016-01-08,1.721,1.508,1.735,0.0,0.0,1.721
2016-01-09,1.771,1.39,1.721,0.0,0.0,1.39
2016-01-10,1.383,1.294,1.39,0.0,0.0,1.294
2016-01-11,1.422,1.422,1.417,0.0314,0.04465,1.422
2016-01-12,1.413,1.246,1.422,0.0,0.0,1.246
2016-01-13,1.706,1.21,1.414,0.4387,0.7015,1.599
2016-01-14,1.674,1.244,1.686,0.4044,0.5031,1.244
2016-01-15,1.377,1.08,1.244,0.0,0.0,1.377
2016-01-16,1.348,0.6931,0.6701,0.114,0.07901,0.6931
2016-01-17,0.6884,0.6884,0.6931,0.0,0.0,0.6884
2016-01-18,0.6919,0.6919,0.6884,0.0,0.0,0.6919
2016-01-19,0.683,0.683,0.6919,0.0,0.0,0.683
2016-01-20,0.7462,0.7462,0.683,0.0,0.0,0.7462
2016-01-21,0.7384,0.7384,0.7462,0.0,0.0,0.7384
2016-01-22,0.6888,0.6888,0.7384,0.0,0.0,0.6888
2016-01-23,0.6995,0.6995,0.6888,0.0,0.0,0.6995
2016-01-24,1.407,0.7238,0.6995,0.8189,1.152,1.407
2016-01-25,2.357,0.7502,1.407,0.8324,0.6245,0.7502
2016-01-26,0.7445,0.7445,0.7502,0.0,0.0,0.7445
2016-01-27,2.173,0.1936,0.7445,20.35,3.94,0.1936
2016-01-28,0.7556,0.186,0.1936,0.5193,0.3924,0.7556
2016-01-29,0.7568,0.7568,0.7556,0.0,0.0,0.7568
2016-01-30,0.7517,0.7517,0.7568,0.0,0.0,0.7517
2016-01-31,0.736,0.736,0.7517,0.0,0.0,0.736
2016-02-01,0.7406,0.7406,0.736,0.0,0.0,0.7406
2016-02-02,0.7441,0.7441,0.7406,0.0,0.0,0.7441
2016-02-03,0.7324,0.7324,0.7441,0.0,0.0,0.7324
2016-02-04,0.7774,0.7774,0.7324,0.0,0.0,0.7774
2016-02-05,0.7691,0.7691,0.7774,0.0,0.0,0.7691
2016-02-06,0.7496,0.7496,0.7691,0.0,0.0,0.7496
2016-02-07,0.7521,0.7521,0.7496,0.0,0.0,0.7521
2016-02-08,1.908,0.7415,0.7521,0.4586,0.5127,1.118
2016-02-09,1.126,1.126,1.118,0.0,0.0,1.126
2016-02-10,1.971,1.146,1.126,0.9785,1.929,1.971
2016-02-11,1.958,1.954,1.971,1.0,1.954,1.954
2016-02-12,1.978,1.978,1.954,0.0,0.0,1.978
2016-02-13,2.009,2.009,1.978,0.0,0.0,2.009
2016-02-14,2.088,2.088,2.009,0.0,0.0,2.088
2016-02-15,2.066,0.6698,2.088,19.44,19.5,1.003
2016-02-16,1.016,1.016,1.003,0.0,0.0,1.016
2016-02-17,1.043,1.043,1.016,0.0,0.0,1.043
2016-02-18,1.053,1.053,1.043,0.0,0.0,1.053
2016-02-19,1.05,1.05,1.053,0.0,0.0,1.05
2016-02-20,1.1,1.1,1.05,0.0,0.0,1.1
2016-02-21,1.095,1.02,1.1,2.196,2.24,1.02
2016-02-22,1.02,1.02,1.02,0.0,0.0,1.02
2016-02-23,0.9784,0.9784,1.02,0.0,0.0,0.9784
2016-02-24,0.9849,0.9849,0.9784,0.0,0.0,0.9849
2016-02-25,0.9867,0.9867,0.9849,0.0,0.0,0.9867
2016-02-26,0.9957,0.9957,0.9867,0.0,0.0,0.9957
2016-02-27,1.005,1.005,0.9957,0.0,0.0,1.005
2016-02-28,1.008,1.008,1.005,0.0,0.0,1.008
2016-02-29,1.016,1.016,1.008,0.0,0.0,1.016
2016-03-01,1.011,1.011,1.016,0.0,0.0,1.011
2016-03-02,0.9911,0.9911,1.011,0.0,0.0,0.9911
2016-03-03,1.041,0.9776,0.9911,0.0657,0.06839,1.041
2016-03-04,1.016,1.016,1.041,0.0,0.0,1.016
2016-03-05,1.516,0.9895,1.016,6.801,10.31,1.516
2016-03-06,1.543,1.543,1.516,0.3915,0.6041,1.543
2016-03-07,1.577,1.535,1.543,2.672,4.214,1.577
2016-03-08,1.565,1.565,1.577,0.0,0.0,1.565
2016-03-09,1.568,1.568,1.565,0.0,0.0,1.568
2016-03-10,1.871,1.58,1.568,1.662,3.11,1.871
2016-03-11,1.886,1.526,1.871,21.07,32.15,1.526
2016-03-12,1.637,1.494,1.526,2.08,3.311,1.592
2016-03-13,1.6,1.6,1.592,0.0,0.0,1.6
2016-03-14,1.79,1.608,1.6,1.807,3.235,1.79
2016-03-15,1.793,1.793,1.79,0.0,0.0,1.793
2016-03-16,1.797,1.364,1.793,8.21,11.2,1.364
2016-03-17,1.372,1.372,1.364,0.0,0.0,1.372
2016-03-18,1.339,1.339,1.372,0.0,0.0,1.339
2016-03-19,1.341,1.341,1.339,0.0,0.0,1.341
2016-03-20,1.482,1.35,1.341,0.111,0.1645,1.482
2016-03-21,1.48,1.279,1.482,11.33,14.49,1.279
2016-03-22,1.294,1.294,1.279,0.0,0.0,1.294
2016-03-23,1.297,1.297,1.294,0.0,0.0,1.297
2016-03-24,1.456,1.29,1.297,7.535,10.97,1.456
2016-03-25,1.871,1.413,1.456,13.97,23.23,1.663
2016-03-26,1.754,1.666,1.663,0.38,0.6665,1.754
2016-03-27,1.787,1.787,1.754,0.0,0.0,1.787
2016-03-28,1.778,1.778,1.787,0.0,0.0,1.778
2016-03-29,1.747,1.747,1.778,0.0,0.0,1.747
2016-03-30,1.736,1.736,1.747,0.0,0.0,1.736
2016-03-31,1.75,1.75,1.736,0.0,0.0,1.75
2016-04-01,1.75,1.75,1.75,0.0,0.0,1.75
2016-04-02,1.762,1.762,1.75,0.0,0.0,1.762
2016-04-03,1.764,1.764,1.762,0.0,0.0,1.764
2016-04-04,1.765,1.765,1.764,0.0,0.0,1.765
2016-04-05,1.777,1.777,1.765,0.0,0.0,1.777
2016-04-06,1.774,1.774,1.777,0.0,0.0,1.774
2016-04-07,1.769,1.769,1.774,0.0,0.0,1.769
2016-04-08,1.758,1.758,1.769,0.0,0.0,1.758
2016-04-09,1.76,1.76,1.758,0.0,0.0,1.76
2016-04-10,1.769,1.769,1.76,0.0,0.0,1.769
2016-04-11,1.774,1.774,1.769,0.0,0.0,1.774
2016-04-12,1.788,1.788,1.774,0.0,0.0,1.788
2016-04-13,1.783,1.783,1.788,0.0,0.0,1.783
2016-04-14,1.785,1.785,1.783,0.0,0.0,1.785
2016-04-15,1.805,1.805,1.785,0.0,0.0,1.805
2016-04-16,1.811,1.811,1.805,0.0,0.0,1.811
2016-04-17,1.795,1.795,1.811,0.0,0.0,1.795
2016-04-18,1.801,1.801,1.795,0.0,0.0,1.801
2016-04-19,1.831,1.831,1.801,0.0,0.0,1.831
2016-04-20,1.857,1.857,1.831,0.0,0.0,1.857
2016-04-21,1.892,1.892,1.857,0.0,0.0,1.892
2016-04-22,1.875,1.875,1.892,0.0,0.0,1.875
2016-04-23,1.895,1.895,1.875,0.0,0.0,1.895
2016-04-24,1.926,1.926,1.895,0.0,0.0,1.926
2016-04-25,1.944,1.944,1.926,0.0,0.0,1.944
2016-04-26,1.962,1.962,1.944,0.0,0.0,1.962
2016-04-27,1.882,1.882,1.962,0.0,0.0,1.882
2016-04-28,1.888,1.888,1.882,0.0,0.0,1.888
2016-04-29,1.915,1.915,1.888,0.0,0.0,1.915
2016-04-30,1.888,1.888,1.915,0.0,0.0,1.888
2016-05-01,1.904,1.904,1.888,0.0,0.0,1.904
2016-05-02,1.87,1.87,1.904,0.0,0.0,1.87
2016-05-03,1.896,1.896,1.87,0.0,0.0,1.896
2016-05-04,1.877,1.877,1.896,0.0,0.0,1.877
2016-05-05,1.886,1.886,1.877,0.0,0.0,1.886
2016-05-06,1.935,1.935,1.886,0.0,0.0,1.935
2016-05-07,1.93,1.93,1.935,0.0,0.0,1.93
2016-05-08,1.928,1.928,1.93,0.0,0.0,1.928
2016-05-09,1.938,1.938,1.928,0.0,0.0,1.938
2016-05-10,1.892,1.892,1.938,0.0,0.0,1.892
2016-05-11,1.905,1.905,1.892,0.0,0.0,1.905
2016-05-12,1.913,1.913,1.905,0.0,0.0,1.913
2016-05-13,1.917,1.917,1.913,0.0,0.0,1.917
2016-05-14,1.922,1.922,1.917,0.0,0.0,1.922
2016-05-15,1.929,1.929,1.922,0.0,0.0,1.929
2016-05-16,1.915,1.915,1.929,0.0,0.0,1.915
2016-05-17,1.908,1.908,1.915,0.0,0.0,1.908
2016-05-18,1.912,1.912,1.908,0.0,0.0,1.912
2016-05-19,1.864,1.864,1.912,0.0,0.0,1.864
2016-05-20,1.861,1.861,1.864,0.0,0.0,1.861
2016-05-21,1.868,1.868,1.861,0.0,0.0,1.868
2016-05-22,1.851,1.851,1.868,0.0,0.0,1.851
2016-05-23,1.868,1.868,1.851,0.0,0.0,1.868
2016-05-24,1.878,1.878,1.868,0.0,0.0,1.878
2016-05-25,1.894,1.894,1.878,0.0,0.0,1.894
2016-05-26,1.908,1.908,1.894,0.0,0.0,1.908
2016-05-27,1.996,1.996,1.908,0.0,0.0,1.996
2016-05-28,2.207,2.207,1.996,0.0,0.0,2.207
2016-05-29,2.173,2.173,2.207,0.0,0.0,2.173
2016-05-30,2.241,2.241,2.173,0.0,0.0,2.241
2016-05-31,2.227,2.227,2.241,0.0,0.0,2.227
2016-06-01,2.262,2.262,2.227,0.0,0.0,2.262
2016-06-02,2.261,2.261,2.262,0.0,0.0,2.261
2016-06-03,2.387,2.387,2.261,0.0,0.0,2.387
2016-06-04,2.408,2.408,2.387,0.0,0.0,2.408
2016-06-05,2.42,2.42,2.408,0.0,0.0,2.42
2016-06-06,2.457,2.457,2.42,0.0,0.0,2.457
2016-06-07,2.423,2.423,2.457,0.0,0.0,2.423
2016-06-08,2.444,2.444,2.423,0.0,0.0,2.444
2016-06-09,2.419,2.419,2.444,0.0,0.0,2.419
2016-06-10,2.433,2.433,2.419,0.0,0.0,2.433
2016-06-11,2.491,2.491,2.433,0.0,0.0,2.491
2016-06-12,2.806,2.806,2.491,0.0,0.0,2.806
2016-06-13,2.947,2.947,2.806,0.0,0.0,2.947
2016-06-14,2.884,2.884,2.947,0.0,0.0,2.884
2016-06-15,2.908,2.908,2.884,0.0,0.0,2.908
2016-06-16,3.205,3.205,2.908,0.0,0.0,3.205
2016-06-17,3.132,3.132,3.205,0.0,0.0,3.132
2016-06-18,3.173,3.173,3.132,0.0,0.0,3.173
2016-06-19,3.204,3.204,3.173,0.0,0.0,3.204
2016-06-20,3.09,3.09,3.204,0.0,0.0,3.09
2016-06-21,2.81,2.81,3.09,0.0,0.0,2.81
2016-06-22,2.486,2.486,2.81,0.0,0.0,2.486
2016-06-23,2.614,2.614,2.486,0.0,0.0,2.614
2016-06-24,2.766,2.766,2.614,0.0,0.0,2.766
2016-06-25,2.793,2.793,2.766,0.0,0.0,2.793
2016-06-26,2.633,2.633,2.793,0.0,0.0,2.633
2016-06-27,2.714,2.714,2.633,0.0,0.0,2.714
2016-06-28,2.715,2.715,2.714,0.0,0.0,2.715
2016-06-29,2.68,2.68,2.715,0.0,0.0,2.68
2016-06-30,2.821,2.821,2.68,0.0,0.0,2.821
2016-07-01,2.84,2.84,2.821,0.0,0.0,2.84
2016-07-02,2.939,2.939,2.84,0.0,0.0,2.939
2016-07-03,2.786,2.786,2.939,0.0,0.0,2.786
2016-07-04,2.842,2.842,2.786,0.0,0.0,2.842
2016-07-05,2.794,2.794,2.842,0.0,0.0,2.794
2016-07-06,2.832,2.832,2.794,0.0,0.0,2.832
2016-07-07,2.674,2.674,2.832,0.0,0.0,2.674
2016-07-08,2.79,2.79,2.674,0.0,0.0,2.79
2016-07-09,2.744,2.744,2.79,0.0,0.0,2.744
2016-07-10,2.724,2.724,2.744,0.0,0.0,2.724
2016-07-11,2.723,2.723,2.724,0.0,0.0,2.723
2016-07-12,2.823,2.823,2.723,0.0,0.0,2.823
2016-07-13,2.783,2.783,2.823,0.0,0.0,2.783
2016-07-14,2.767,2.767,2.783,0.0,0.0,2.767
2016-07-15,2.796,2.796,2.767,0.0,0.0,2.796
2016-07-16,2.782,2.782,2.796,0.0,0.0,2.782
2016-07-17,2.847,2.847,2.782,0.0,0.0,2.847
2016-07-18,2.822,2.822,2.847,0.0,0.0,2.822
2016-07-19,2.825,2.825,2.822,0.0,0.0,2.825
2016-07-20,2.797,2.797,2.825,0.0,0.0,2.797
2016-07-21,2.798,2.798,2.797,0.0,0.0,2.798
2016-07-22,2.741,2.741,2.798,0.0,0.0,2.741
2016-07-23,2.758,2.758,2.741,0.0,0.0,2.758
2016-07-24,2.776,2.776,2.758,0.0,0.0,2.776
2016-07-25,2.753,2.753,2.776,0.0,0.0,2.753
2016-07-26,2.755,2.755,2.753,0.0,0.0,2.755
2016-07-27,2.756,2.756,2.755,0.0,0.0,2.756
2016-07-28,2.754,2.754,2.756,0.0,0.0,2.754
2016-07-29,2.759,2.759,2.754,0.0,0.0,2.759
2016-07-30,2.756,2.756,2.759,0.0,0.0,2.756
2016-07-31,2.618,2.618,2.756,0.0,0.0,2.618
2016-08-01,2.555,2.555,2.618,0.0,0.0,2.555
2016-08-02,2.162,2.162,2.555,0.0,0.0,2.162
2016-08-03,2.385,2.385,2.162,0.0,0.0,2.385
2016-08-04,2.426,2.426,2.385,0.0,0.0,2.426
2016-08-05,2.419,2.419,2.426,0.0,0.0,2.419
2016-08-06,2.469,2.469,2.419,0.0,0.0,2.469
2016-08-07,2.487,2.487,2.469,0.0,0.0,2.487
2016-08-08,2.481,2.481,2.487,0.0,0.0,2.481
2016-08-09,2.464,2.464,2.481,0.0,0.0,2.464
2016-08-10,2.488,2.488,2.464,0.0,0.0,2.488
2016-08-11,2.475,2.475,2.488,0.0,0.0,2.475
2016-08-12,2.472,2.472,2.475,0.0,0.0,2.472
2016-08-13,2.461,2.461,2.472,0.0,0.0,2.461
2016-08-14,2.396,2.396,2.461,0.0,0.0,2.396
2016-08-15,2.387,2.387,2.396,0.0,0.0,2.387
2016-08-16,2.443,2.443,2.387,0.0,0.0,2.443
2016-08-17,2.41,2.41,2.443,0.0,0.0,2.41
2016-08-18,2.414,2.414,2.41,0.0,0.0,2.414
2016-08-19,2.419,2.419,2.414,0.0,0.0,2.419
2016-08-20,2.453,2.453,2.419,0.0,0.0,2.453
2016-08-21,2.445,2.445,2.453,0.0,0.0,2.445
2016-08-22,2.473,2.473,2.445,0.0,0.0,2.473
2016-08-23,2.457,2.457,2.473,0.0,0.0,2.457
2016-08-24,2.44,2.44,2.457,0.0,0.0,2.44
2016-08-25,2.433,2.433,2.44,0.0,0.0,2.433
2016-08-26,2.439,2.439,2.433,0.0,0.0,2.439
2016-08-27,2.401,2.401,2.439,0.0,0.0,2.401
2016-08-28,2.421,2.421,2.401,0.0,0.0,2.421
2016-08-29,2.418,2.418,2.421,0.0,0.0,2.418
2016-08-30,2.431,2.431,2.418,0.0,0.0,2.431
2016-08-31,2.416,2.416,2.431,0.0,0.0,2.416
2016-09-01,2.408,2.408,2.416,0.0,0.0,2.408
2016-09-02,2.422,2.422,2.408,0.0,0.0,2.422
2016-09-03,2.521,2.521,2.422,0.0,0.0,2.521
2016-09-04,2.566,2.566,2.521,0.0,0.0,2.566
2016-09-05,2.55,2.55,2.566,0.0,0.0,2.55
2016-09-06,2.57,2.57,2.55,0.0,0.0,2.57
2016-09-07,2.582,2.582,2.57,0.0,0.0,2.582
2016-09-08,2.634,2.634,2.582,0.0,0.0,2.634
2016-09-09,2.624,2.624,2.634,0.0,0.0,2.624
2016-09-10,2.629,2.629,2.624,0.0,0.0,2.629
2016-09-11,2.55,2.55,2.629,0.0,0.0,2.55
2016-09-12,2.56,2.56,2.55,0.0,0.0,2.56
2016-09-13,2.562,2.562,2.56,0.0,0.0,2.562
2016-09-14,2.566,2.566,2.562,0.0,0.0,2.566
2016-09-15,2.56,2.56,2.566,0.0,0.0,2.56
2016-09-16,2.559,2.559,2.56,0.0,0.0,2.559
2016-09-17,2.556,2.556,2.559,0.0,0.0,2.556
2016-09-18,2.571,2.571,2.556,0.0,0.0,2.571
2016-09-19,2.567,2.567,2.571,0.0,0.0,2.567
2016-09-20,2.565,2.565,2.567,0.0,0.0,2.565
2016-09-21,2.514,2.514,2.565,0.0,0.0,2.514
2016-09-22,2.508,2.508,2.514,0.0,0.0,2.508
2016-09-23,2.538,2.538,2.508,0.0,0.0,2.538
2016-09-24,2.537,2.537,2.538,0.0,0.0,2.537
2016-09-25,2.532,2.532,2.537,0.0,0.0,2.532
2016-09-26,2.554,2.554,2.532,0.0,0.0,2.554
2016-09-27,2.549,2.549,2.554,0.0,0.0,2.549
2016-09-28,2.546,2.546,2.549,0.0,0.0,2.546
2016-09-29,2.546,2.546,2.546,0.0,0.0,2.546
2016-09-30,2.56,2.56,2.546,0.0,0.0,2.56
2016-10-01,2.582,2.582,2.56,0.0,0.0,2.582
2016-10-02,2.571,2.571,2.582,0.0,0.0,2.571
2016-10-03,2.575,2.575,2.571,0.0,0.0,2.575
2016-10-04,2.564,2.564,2.575,0.0,0.0,2.564
2016-10-05,2.576,2.576,2.564,0.0,0.0,2.576
2016-10-06,2.572,2.572,2.576,0.0,0.0,2.572
2016-10-07,2.593,2.593,2.572,0.0,0.0,2.593
2016-10-08,2.6,2.6,2.593,0.0,0.0,2.6
2016-10-09,2.592,2.592,2.6,0.0,0.0,2.592
2016-10-10,2.599,2.599,2.592,0.0,0.0,2.599
2016-10-11,2.696,2.696,2.599,0.0,0.0,2.696
2016-10-12,2.678,2.678,2.696,0.0,0.0,2.678
2016-10-13,2.676,2.676,2.678,0.0,0.0,2.676
2016-10-14,2.686,2.686,2.676,0.0,0.0,2.686
2016-10-15,2.682,2.682,2.686,0.0,0.0,2.682
2016-10-16,2.695,2.695,2.682,0.0,0.0,2.695
2016-10-17,2.683,2.683,2.695,0.0,0.0,2.683
2016-10-18,2.675,2.675,2.683,0.0,0.0,2.675
2016-10-19,2.648,2.648,2.675,0.0,0.0,2.648
2016-10-20,2.645,2.645,2.648,0.0,0.0,2.645
2016-10-21,2.654,2.654,2.645,0.0,0.0,2.654
2016-10-22,2.76,2.76,2.654,0.0,0.0,2.76
2016-10-23,2.749,2.749,2.76,0.0,0.0,2.749
2016-10-24,2.739,2.739,2.749,0.0,0.0,2.739
2016-10-25,2.741,2.741,2.739,0.0,0.0,2.741
2016-10-26,2.84,2.84,2.741,0.0,0.0,2.84
2016-10-27,2.872,2.872,2.84,0.0,0.0,2.872
2016-10-28,2.889,2.889,2.872,0.0,0.0,2.889
2016-10-29,3.01,3.01,2.889,0.0,0.0,3.01
2016-10-30,2.936,2.936,3.01,0.0,0.0,2.936
2016-10-31,2.941,2.941,2.936,0.0,0.0,2.941
2016-11-01,3.06,3.06,2.941,0.0,0.0,3.06
2016-11-02,3.088,3.088,3.06,0.0,0.0,3.088
2016-11-03,2.883,2.883,3.088,0.0,0.0,2.883
2016-11-04,2.956,2.956,2.883,0.0,0.0,2.956
2016-11-05,2.956,2.956,2.956,0.0,0.0,2.956
2016-11-06,2.989,2.989,2.956,0.0,0.0,2.989
2016-11-07,2.97,2.97,2.989,0.0,0.0,2.97
2016-11-08,2.993,2.993,2.97,0.0,0.0,2.993
2016-11-09,3.037,3.037,2.993,0.0,0.0,3.037
2016-11-10,3.008,3.008,3.037,0.0,0.0,3.008
2016-11-11,3.01,3.01,3.008,0.0,0.0,3.01
2016-11-12,2.965,2.965,3.01,0.0,0.0,2.965
2016-11-13,2.955,2.955,2.965,0.0,0.0,2.955
2016-11-14,2.966,2.966,2.955,0.0,0.0,2.966
2016-11-15,2.994,2.994,2.966,0.0,0.0,2.994
2016-11-16,3.117,3.117,2.994,0.0,0.0,3.117
2016-11-17,3.105,3.105,3.117,0.0,0.0,3.105
2016-11-18,3.145,3.145,3.105,0.0,0.0,3.145
2016-11-19,3.149,3.149,3.145,0.0,0.0,3.149
2016-11-20,3.067,3.067,3.149,0.0,0.0,3.067
2016-11-21,3.099,3.099,3.067,0.0,0.0,3.099
2016-11-22,3.155,3.155,3.099,0.0,0.0,3.155
2016-11-23,3.12,3.12,3.155,0.0,0.0,3.12
2016-11-24,3.096,3.096,3.12,0.0,0.0,3.096
2016-11-25,3.117,3.117,3.096,0.0,0.0,3.117
2016-11-26,3.091,3.091,3.117,0.0,0.0,3.091
2016-11-27,3.071,3.071,3.091,0.0,0.0,3.071
2016-11-28,3.087,3.087,3.071,0.0,0.0,3.087
2016-11-29,3.084,3.084,3.087,0.0,0.0,3.084
2016-11-30,3.126,3.126,3.084,0.0,0.0,3.126
2016-12-01,3.169,3.169,3.126,0.0,0.0,3.169
2016-12-02,3.246,3.246,3.169,0.0,0.0,3.246
2016-12-03,3.217,3.217,3.246,0.0,0.0,3.217
2016-12-04,3.227,3.227,3.217,0.0,0.0,3.227
2016-12-05,3.176,3.176,3.227,0.0,0.0,3.176
2016-12-06,3.192,3.192,3.176,0.0,0.0,3.192
2016-12-07,3.223,3.223,3.192,0.0,0.0,3.223
2016-12-08,3.235,3.235,3.223,0.0,0.0,3.235
2016-12-09,3.244,3.244,3.235,0.0,0.0,3.244
2016-12-10,3.259,3.259,3.244,0.0,0.0,3.259
2016-12-11,3.233,3.233,3.259,0.0,0.0,3.233
2016-12-12,3.277,3.277,3.233,0.0,0.0,3.277
2016-12-13,3.278,3.278,3.277,0.0,0.0,3.278
2016-12-14,3.269,3.269,3.278,0.0,0.0,3.269
2016-12-15,3.264,3.264,3.269,0.0,0.0,3.264
2016-12-16,3.292,3.292,3.264,0.0,0.0,3.292
2016-12-17,3.314,3.314,3.292,0.0,0.0,3.314
2016-12-18,3.322,3.322,3.314,0.0,0.0,3.322
2016-12-19,3.325,3.325,3.322,0.0,0.0,3.325
2016-12-20,3.364,3.364,3.325,0.0,0.0,3.364
2016-12-21,3.491,3.491,3.364,0.0,0.0,3.491
2016-12-22,3.621,3.621,3.491,0.0,0.0,3.621
2016-12-23,3.861,3.861,3.621,0.0,0.0,3.861
2016-12-24,3.751,3.751,3.861,0.0,0.0,3.751
2016-12-25,3.751,3.751,3.751,0.0,0.0,3.751
2016-12-26,3.782,3.782,3.751,0.0,0.0,3.782
2016-12-27,3.898,3.898,3.782,0.0,0.0,3.898
2016-12-28,4.093,4.093,3.898,0.0,0.0,4.093
2016-12-29,4.088,4.088,4.093,0.0,0.0,4.088
2016-12-30,4.038,4.038,4.088,0.0,0.0,4.038
2016-12-31,4.056,4.056,4.038,0.0,0.0,4.056
2017-01-01,4.191,4.191,4.056,0.0,0.0,4.191
2017-01-02,4.282,4.282,4.191,0.0,0.0,4.282
2017-01-03,4.35,4.35,4.282,0.0,0.0,4.35
2017-01-04,4.78,4.78,4.35,0.0,0.0,4.78
2017-01-05,4.165,4.165,4.78,0.0,0.0,4.165
2017-01-06,3.731,3.731,4.165,0.0,0.0,3.731
2017-01-07,3.742,3.742,3.731,0.0,0.0,3.742
2017-01-08,3.793,3.793,3.742,0.0,0.0,3.793
2017-01-09,3.788,3.788,3.793,0.0,0.0,3.788
2017-01-10,3.807,3.807,3.788,0.0,0.0,3.807
2017-01-11,3.307,3.307,3.807,0.0,0.0,3.307
2017-01-12,3.411,3.411,3.307,0.0,0.0,3.411
2017-01-13,3.473,3.473,3.411,0.0,0.0,3.473
2017-01-14,3.451,3.451,3.473,0.0,0.0,3.451
2017-01-15,3.457,3.457,3.451,0.0,0.0,3.457
2017-01-16,3.483,3.483,3.457,0.0,0.0,3.483
2017-01-17,3.788,3.788,3.483,0.0,0.0,3.788
2017-01-18,3.671,3.671,3.788,0.0,0.0,3.671
2017-01-19,3.769,3.769,3.671,0.0,0.0,3.769
2017-01-20,3.759,3.759,3.769,0.0,0.0,3.759
2017-01-21,3.873,3.873,3.759,0.0,0.0,3.873
2017-01-22,3.868,3.868,3.873,0.0,0.0,3.868
2017-01-23,3.879,3.879,3.868,0.0,0.0,3.879
2017-01-24,3.763,3.763,3.879,0.0,0.0,3.763
2017-01-25,3.765,3.765,3.763,0.0,0.0,3.765
2017-01-26,3.855,3.855,3.765,0.0,0.0,3.855
2017-01-27,3.865,3.865,3.855,0.0,0.0,3.865
2017-01-28,3.867,3.867,3.865,0.0,0.0,3.867
2017-01-29,3.85,3.85,3.867,0.0,0.0,3.85
2017-01-30,3.876,3.876,3.85,0.0,0.0,3.876
2017-01-31,4.065,4.065,3.876,0.0,0.0,4.065
2017-02-01,4.136,4.136,4.065,0.0,0.0,4.136
2017-02-02,4.227,4.227,4.136,0.0,0.0,4.227
2017-02-03,4.265,4.265,4.227,0.0,0.0,4.265
2017-02-04,4.344,4.344,4.265,0.0,0.0,4.344
2017-02-05,4.278,4.278,4.344,0.0,0.0,4.278
2017-02-06,4.314,4.314,4.278,0.0,0.0,4.314
2017-02-07,4.419,4.419,4.314,0.0,0.0,4.419
2017-02-08,4.444,4.444,4.419,0.0,0.0,4.444
2017-02-09,4.121,4.121,4.444,0.0,0.0,4.121
2017-02-10,4.2,4.2,4.121,0.0,0.0,4.2
2017-02-11,4.245,4.245,4.2,0.0,0.0,4.245
2017-02-12,4.195,4.195,4.245,0.0,0.0,4.195
2017-02-13,4.19,4.19,4.195,0.0,0.0,4.19
2017-02-14,4.245,4.245,4.19,0.0,0.0,4.245
2017-02-15,4.244,4.244,4.245,0.0,0.0,4.244
2017-02-16,4.344,4.344,4.244,0.0,0.0,4.344
2017-02-17,4.418,4.418,4.344,0.0,0.0,4.418
2017-02-18,4.43,4.43,4.418,0.0,0.0,4.43
2017-02-19,4.416,4.416,4.43,0.0,0.0,4.416
2017-02-20,4.537,4.537,4.416,0.0,0.0,4.537
2017-02-21,4.711,4.711,4.537,0.0,0.0,4.711
2017-02-22,4.717,4.717,4.711,0.0,0.0,4.717
2017-02-23,4.934,4.934,4.717,0.0,0.0,4.934
2017-02-24,4.953,4.953,4.934,0.0,0.0,4.953
2017-02-25,4.838,4.838,4.953,0.0,0.0,4.838
2017-02-26,4.932,4.932,4.838,0.0,0.0,4.932
2017-02-27,5.005,5.005,4.932,0.0,0.0,5.005
2017-02-28,5.007,5.007,5.005,0.0,0.0,5.007
2017-03-01,5.147,5.147,5.007,0.0,0.0,5.147
2017-03-02,5.286,5.286,5.147,0.0,0.0,5.286
2017-03-03,5.403,5.403,5.286,0.0,0.0,5.403
2017-03-04,5.323,5.323,5.403,0.0,0.0,5.323
2017-03-05,5.352,5.352,5.323,0.0,0.0,5.352
2017-03-06,5.376,5.376,5.352,0.0,0.0,5.376
2017-03-07,5.19,5.19,5.376,0.0,0.0,5.19
2017-03-08,4.829,4.829,5.19,0.0,0.0,4.829
2017-03-09,5.015,5.015,4.829,0.0,0.0,5.015
2017-03-10,4.683,4.683,5.015,0.0,0.0,4.683
2017-03-11,4.965,4.965,4.683,0.0,0.0,4.965
2017-03-12,5.158,5.158,4.965,0.0,0.0,5.158
2017-03-13,5.213,5.213,5.158,0.0,0.0,5.213
2017-03-14,5.234,5.234,5.213,0.0,0.0,5.234
2017-03-15,5.277,5.277,5.234,0.0,0.0,5.277
2017-03-16,4.938,4.938,5.277,0.0,0.0,4.938
2017-03-17,4.512,4.512,4.938,0.0,0.0,4.512
2017-03-18,4.09,4.09,4.512,0.0,0.0,4.09
2017-03-19,4.305,4.305,4.09,0.0,0.0,4.305
2017-03-20,4.41,4.41,4.305,0.0,0.0,4.41
2017-03-21,4.721,4.721,4.41,0.0,0.0,4.721
2017-03-22,4.398,4.398,4.721,0.0,0.0,4.398
2017-03-23,4.357,4.357,4.398,0.0,0.0,4.357
2017-03-24,3.956,3.956,4.357,0.0,0.0,3.956
2017-03-25,4.068,4.068,3.956,0.0,0.0,4.068
2017-03-26,4.081,4.081,4.068,0.0,0.0,4.081
2017-03-27,4.4,4.4,4.081,0.0,0.0,4.4
2017-03-28,4.397,4.397,4.4,0.0,0.0,4.397
2017-03-29,4.386,4.386,4.397,0.0,0.0,4.386
2017-03-30,4.37,4.37,4.386,0.0,0.0,4.37
2017-03-31,4.543,4.543,4.37,0.0,0.0,4.543
2017-04-01,4.573,4.573,4.543,0.0,0.0,4.573
2017-04-02,4.62,4.62,4.573,0.0,0.0,4.62
2017-04-03,4.831,4.831,4.62,0.0,0.0,4.831
2017-04-04,4.807,4.807,4.831,0.0,0.0,4.807
2017-04-05,4.757,4.757,4.807,0.0,0.0,4.757
2017-04-06,5.004,5.004,4.757,0.0,0.0,5.004
2017-04-07,5.012,5.012,5.004,0.0,0.0,5.012
2017-04-08,4.971,4.971,5.012,0.0,0.0,4.971
2017-04-09,5.07,5.07,4.971,0.0,0.0,5.07
2017-04-10,5.08,5.08,5.07,0.0,0.0,5.08
2017-04-11,5.139,5.139,5.08,0.0,0.0,5.139
2017-04-12,5.105,5.105,5.139,0.0,0.0,5.105
2017-04-13,4.952,4.952,5.105,0.0,0.0,4.952
2017-04-14,4.957,4.957,4.952,0.0,0.0,4.957
2017-04-15,4.955,4.955,4.957,0.0,0.0,4.955
2017-04-16,4.954,4.954,4.955,0.0,0.0,4.954
2017-04-17,5.027,5.027,4.954,0.0,0.0,5.027
2017-04-18,5.078,5.078,5.027,0.0,0.0,5.078
2017-04-19,5.116,5.116,5.078,0.0,0.0,5.116
2017-04-20,5.212,5.212,5.116,0.0,0.0,5.212
2017-04-21,5.261,5.261,5.212,0.0,0.0,5.261
2017-04-22,5.224,5.224,5.261,0.0,0.0,5.224
2017-04-23,5.259,5.259,5.224,0.0,0.0,5.259
2017-04-24,5.255,5.255,5.259,0.0,0.0,5.255
2017-04-25,5.323,5.323,5.255,0.0,0.0,5.323
2017-04-26,5.417,5.417,5.323,0.0,0.0,5.417
2017-04-27,5.612,5.612,5.417,0.0,0.0,5.612
2017-04-28,5.598,5.598,5.612,0.0,0.0,5.598
2017-04-29,5.626,5.626,5.598,0.0,0.0,5.626
2017-04-30,5.692,5.692,5.626,0.0,0.0,5.692
2017-05-01,5.961,5.961,5.692,0.0,0.0,5.961
2017-05-02,6.087,6.087,5.961,0.0,0.0,6.087
2017-05-03,6.254,6.254,6.087,0.0,0.0,6.254
2017-05-04,6.386,6.386,6.254,0.0,0.0,6.386
2017-05-05,6.348,6.348,6.386,0.0,0.0,6.348
2017-05-06,6.506,6.506,6.348,0.0,0.0,6.506
2017-05-07,6.544,6.544,6.506,0.0,0.0,6.544
2017-05-08,7.007,7.007,6.544,0.0,0.0,7.007
2017-05-09,7.146,7.146,7.007,0.0,0.0,7.146
2017-05-10,7.377,7.377,7.146,0.0,0.0,7.377
2017-05-11,7.659,7.659,7.377,0.0,0.0,7.659
2017-05-12,7.1,7.1,7.659,0.0,0.0,7.1
2017-05-13,7.425,7.425,7.1,0.0,0.0,7.425
2017-05-14,7.462,7.462,7.425,0.0,0.0,7.462
2017-05-15,7.195,7.195,7.462,0.0,0.0,7.195
2017-05-16,7.281,7.281,7.195,0.0,0.0,7.281
2017-05-17,7.583,7.583,7.281,0.0,0.0,7.583
2017-05-18,7.919,7.919,7.583,0.0,0.0,7.919
2017-05-19,8.26,8.26,7.919,0.0,0.0,8.26
2017-05-20,8.589,8.589,8.26,0.0,0.0,8.589
2017-05-21,8.606,8.606,8.589,0.0,0.0,8.606
2017-05-22,8.944,8.944,8.606,0.0,0.0,8.944
2017-05-23,9.568,9.568,8.944,0.0,0.0,9.568
2017-05-24,10.29,10.29,9.568,0.0,0.0,10.29
2017-05-25,9.713,9.713,10.29,0.0,0.0,9.713
2017-05-26,11.45,10.55,11.77,69.03,728.96,10.56
2017-05-27,13.34,9.651,10.56,104.11,1047.35,10.06
2017-05-28,14.23,10.51,10.06,74.76,802.17,10.73
2017-05-29,14.12,11.16,10.73,27.98,313.1,11.19
2017-05-30,12.94,10.74,11.19,4.845,57.32,11.83
2017-05-31,13.13,11.52,11.83,8.086,93.15,11.52
2017-06-01,12.31,11.34,11.52,38.75,448.73,11.58
2017-06-02,13.53,11.97,11.58,59.64,802.75,13.46
2017-06-03,13.75,11.72,13.46,50.42,590.92,11.72
2017-06-04,13.13,10.02,11.72,63.52,673.31,10.6
2017-06-05,14.68,11.36,10.6,98.16,1204.42,12.27
2017-06-06,13.72,12.2,12.27,70.14,855.71,12.2
2017-06-07,15.0,11.3,12.2,64.01,725.23,11.33
2017-06-08,17.49,11.78,11.33,18.18,223.8,12.31
2017-06-09,19.12,12.37,12.31,26.17,366.12,13.99
2017-06-10,17.4,13.03,13.99,146.29,2121.21,14.5
2017-06-11,20.22,14.87,14.5,59.24,917.63,15.49
2017-06-12,21.25,13.84,15.49,67.03,1102.64,16.45
2017-06-13,26.59,15.22,16.45,36.58,576.5,15.76
2017-06-14,28.37,14.33,15.76,169.98,2947.45,17.34
2017-06-15,24.42,15.25,17.34,88.15,1653.69,18.76
2017-06-16,25.09,15.69,18.76,86.21,1693.16,19.64
2017-06-17,39.83,20.78,19.64,95.66,2794.23,29.21
2017-06-18,27.94,21.08,29.21,30.95,652.43,21.08
2017-06-19,28.79,21.72,21.08,45.24,1036.0,22.9
2017-06-20,55.09,23.55,22.9,144.16,3974.49,27.57
2017-06-21,53.55,26.8,27.57,25.18,862.92,34.27
2017-06-22,40.84,27.96,34.27,48.99,2000.75,40.84
2017-06-23,43.37,31.06,40.84,58.06,2360.72,40.66
2017-06-24,40.02,38.85,40.66,57.79,2245.14,38.85
2017-06-25,38.12,30.4,38.85,64.12,1955.66,30.5
2017-06-26,30.26,24.46,30.5,25.78,630.58,24.46
2017-06-27,39.53,25.58,24.46,115.26,3076.29,26.69
2017-06-28,57.35,20.58,26.69,183.96,5689.88,30.93
2017-06-29,59.48,30.7,30.93,121.17,5691.35,46.97
2017-06-30,52.84,33.79,46.97,92.46,3697.48,39.99
2017-07-01,39.08,29.1,39.99,59.6,1849.98,31.04
2017-07-02,38.05,30.44,31.04,40.31,1252.43,31.07
2017-07-03,39.87,20.99,31.07,44.11,1249.2,28.32
2017-07-04,31.98,28.82,28.32,16.6,509.62,30.7
2017-07-05,36.24,26.91,30.7,24.34,752.11,30.9
2017-07-06,30.74,24.7,30.9,17.33,438.45,25.3
2017-07-07,25.14,15.08,25.3,29.8,449.38,15.08
2017-07-08,19.64,15.39,15.08,10.36,169.8,16.39
2017-07-09,16.05,12.61,16.39,29.88,377.38,12.63
2017-07-10,13.19,11.25,12.63,11.73,136.89,11.67
2017-07-11,13.13,11.16,11.67,20.11,224.43,11.16
2017-07-12,14.51,11.53,11.16,25.69,372.76,14.51
2017-07-13,18.46,11.27,14.51,47.15,818.52,17.36
2017-07-14,22.34,13.13,17.36,65.51,915.17,13.97
2017-07-15,13.28,11.12,13.97,21.09,248.86,11.8
2017-07-16,13.16,10.78,11.8,9.506,102.47,10.78
2017-07-17,14.52,11.23,10.78,17.8,222.86,12.52
2017-07-18,15.08,12.75,12.52,14.58,194.64,13.35
2017-07-19,13.13,9.701,13.35,32.64,316.64,9.701
2017-07-20,13.79,12.18,9.701,19.7,239.95,12.18
2017-07-21,12.17,11.37,12.18,17.49,201.31,11.51
2017-07-22,17.4,12.06,11.51,48.0,763.2,15.9
2017-07-23,15.45,11.85,15.9,13.07,156.71,11.99
2017-07-24,13.02,11.49,11.99,80.31,922.76,11.49
2017-07-25,13.5,10.4,11.49,32.23,383.86,11.91
2017-07-26,11.8,10.13,11.91,32.68,343.79,10.52
2017-07-27,13.32,10.63,10.52,24.82,279.23,11.25
2017-07-28,12.34,11.74,11.25,40.57,492.93,12.15
2017-07-29,12.01,11.83,12.15,16.89,199.98,11.84
2017-07-30,12.17,11.98,11.84,30.78,370.28,12.03
2017-07-31,16.75,12.48,12.03,53.27,795.85,14.94
2017-08-01,14.95,14.23,14.94,54.4,797.5,14.66
2017-08-02,28.84,12.38,14.66,71.64,950.66,13.27
2017-08-03,29.79,11.74,13.27,74.01,1139.01,15.39
2017-08-04,18.41,13.11,15.39,38.15,563.48,14.77
2017-08-05,16.82,14.88,14.77,27.25,430.55,15.8
2017-08-06,20.4,15.42,15.8,15.15,233.76,15.43
2017-08-07,23.95,13.15,15.43,51.08,849.97,16.64
2017-08-08,16.78,13.2,16.64,34.87,495.15,14.2
2017-08-09,21.43,13.79,14.2,33.94,482.29,14.21
2017-08-10,24.12,14.53,14.21,92.23,1602.04,17.37
2017-08-11,25.73,16.07,17.37,42.25,743.6,17.6
2017-08-12,19.41,15.41,17.6,33.96,570.53,16.8
2017-08-13,20.31,11.01,16.8,105.04,1369.72,13.04
2017-08-14,14.72,8.738,13.04,121.34,1513.11,12.47
2017-08-15,23.63,9.247,12.47,154.61,1847.59,11.95
2017-08-16,14.4,9.762,11.95,72.95,948.35,13.0
2017-08-17,12.67,2.995,13.0,286.49,2693.29,9.401
2017-08-18,15.76,6.027,9.401,77.27,616.69,7.981
2017-08-19,15.54,7.99,7.96,25.42,211.32,8.313
2017-08-20,11.39,8.133,8.313,59.98,534.18,8.906
2017-08-21,9.812,6.544,8.906,9.802,89.12,9.092
2017-08-22,9.284,8.911,9.092,6.815,60.73,8.911
2017-08-23,17.38,8.804,8.911,24.44,215.17,8.804
2017-08-24,21.55,9.181,8.804,17.72,180.92,10.21
2017-08-25,13.09,10.3,10.21,31.46,324.04,10.3
2017-08-26,16.45,10.28,10.3,7.848,82.25,10.48
2017-08-27,14.35,7.105,10.48,27.27,213.44,7.827
2017-08-28,11.33,7.907,7.827,11.81,98.52,8.342
2017-08-29,14.71,8.735,8.342,23.11,253.52,10.97
2017-08-30,10.94,10.94,10.97,0.0,0.0,10.94
2017-08-31,11.84,11.3,10.94,4.103,48.58,11.84
2017-09-01,19.21,9.455,11.84,5.466,72.32,13.23
2017-09-02,18.51,12.29,13.82,1.615,29.75,18.42
2017-09-03,18.66,14.07,18.42,1.07,15.05,14.07
2017-09-04,16.64,7.067,14.07,15.04,236.88,15.75
2017-09-05,28.42,7.786,15.75,37.28,498.43,13.37
2017-09-06,14.01,11.05,13.38,35.29,418.19,11.85
2017-09-07,14.08,12.06,14.03,2.145,25.98,12.11
2017-09-08,28.38,11.31,12.11,40.08,896.19,22.36
2017-09-09,28.84,9.125,22.36,10.24,205.72,20.09
2017-09-10,19.64,7.931,19.71,8.737,122.84,14.06
2017-09-11,37.92,11.8,11.88,25.55,532.21,20.83
2017-09-12,98.94,19.2,37.88,6.718,148.33,22.08
2017-09-13,188.68,7.504,22.08,259.24,2163.1,8.344
2017-09-14,61.03,6.447,8.344,183.36,1415.36,7.719
2017-09-15,11.14,7.431,7.719,110.29,1228.63,11.14
2017-09-16,14.63,9.247,11.14,162.55,2048.13,12.6
2017-09-17,14.63,9.659,12.6,10.6,103.49,9.763
2017-09-18,16.29,10.85,9.763,28.17,357.48,12.69
2017-09-19,15.6,11.77,12.69,58.37,866.79,14.85
2017-09-20,15.49,12.42,14.85,58.23,814.64,13.99
2017-09-21,14.47,5.614,13.99,38.41,526.6,13.71
2017-09-22,14.35,9.002,13.71,22.91,206.24,9.002
2017-09-23,13.07,8.633,9.002,5.245,68.34,13.03
2017-09-24,14.09,4.863,13.03,95.11,1197.43,12.59
2017-09-25,15.54,13.5,12.59,13.98,189.15,13.53
2017-09-26,13.86,13.39,13.53,0.6434,8.615,13.39
2017-09-27,16.52,12.64,13.39,7.4,93.91,12.69
2017-09-28,12.64,12.64,12.69,0.0,0.0,12.64
2017-09-29,13.46,12.57,12.64,2.914,39.22,13.46
2017-09-30,15.79,10.7,13.46,24.55,304.91,12.42
2017-10-01,12.65,10.86,12.42,0.2643,3.343,12.65
2017-10-02,12.65,8.983,12.65,12.39,111.3,8.983
2017-10-03,10.79,8.805,8.983,7.722,69.96,9.06
2017-10-04,9.281,8.69,9.06,53.49,464.83,8.69
2017-10-05,13.83,8.375,8.69,37.11,320.74,8.643
2017-10-06,8.744,8.735,8.643,6.881,60.17,8.744
2017-10-07,12.8,8.384,8.744,15.03,126.01,8.384
2017-10-08,8.744,8.716,8.384,4.167,36.44,8.744
2017-10-09,13.79,6.33,8.744,55.06,436.68,7.931
2017-10-10,13.76,7.907,7.931,33.56,268.55,8.002
2017-10-11,14.63,8.105,8.002,34.03,280.71,8.249
2017-10-12,12.12,9.29,8.249,46.69,509.39,10.91
2017-10-13,11.41,11.27,10.91,10.27,115.74,11.27
2017-10-14,14.09,8.836,11.27,98.14,1128.61,11.5
2017-10-15,14.48,10.45,11.5,12.66,152.93,12.08
2017-10-16,19.78,11.52,11.82,20.9,241.81,11.57
2017-10-17,13.32,11.2,11.57,49.27,551.82,11.2
2017-10-18,12.25,11.15,11.2,23.15,271.09,11.71
2017-10-19,14.28,11.4,11.72,13.94,158.92,11.4
2017-10-20,13.16,10.59,11.4,7.644,80.95,10.59
2017-10-21,13.54,9.22,12.5,55.55,548.22,9.869
2017-10-22,12.34,8.244,11.6,12.74,151.1,11.86
2017-10-23,17.68,7.592,11.83,40.43,524.78,12.98
2017-10-24,16.47,5.695,12.98,41.69,526.96,12.64
2017-10-25,29.92,11.48,12.61,287.39,8598.71,29.92
2017-10-26,31.76,12.68,29.92,31.87,563.14,17.67
2017-10-27,23.11,13.75,18.22,140.16,2194.91,15.66
2017-10-28,20.48,14.38,15.65,57.59,893.8,15.52
2017-10-29,18.44,16.06,14.96,19.64,362.16,18.44
2017-10-30,32.2,9.762,18.44,93.26,1570.5,16.84
2017-10-31,32.1,10.06,16.84,35.23,741.59,21.05
2017-11-01,29.49,18.26,19.17,10.09,184.95,18.33
2017-11-02,21.41,7.98,18.33,24.09,458.19,19.02
2017-11-03,22.2,17.21,19.02,33.91,691.76,20.4
2017-11-04,22.75,10.68,20.39,33.76,620.85,18.39
2017-11-05,18.46,10.31,18.39,23.37,413.88,17.71
2017-11-06,16.7,14.54,17.71,14.17,207.02,14.61
2017-11-07,21.31,14.92,14.61,36.86,576.12,15.63
2017-11-08,22.33,15.56,15.62,38.96,606.22,15.56
2017-11-09,16.46,11.05,15.56,11.54,176.79,15.32
2017-11-10,14.92,10.17,15.32,13.99,198.8,14.21
2017-11-11,13.95,13.01,14.21,170.99,2228.0,13.03
2017-11-12,14.11,12.08,13.03,120.42,1487.19,12.35
2017-11-13,16.31,13.7,12.35,83.65,1211.25,14.48
2017-11-14,17.15,14.52,14.48,51.89,753.96,14.53
2017-11-15,16.97,16.03,14.53,20.7,334.72,16.17
2017-11-16,19.32,17.36,16.17,38.15,719.13,18.85
2017-11-17,23.95,15.82,18.85,246.96,4800.9,19.44
2017-11-18,23.34,17.72,19.44,50.17,1014.94,20.23
2017-11-19,20.91,18.5,20.23,24.62,455.47,18.5
2017-11-20,18.96,16.74,18.5,9.442,158.81,16.82
2017-11-21,24.3,16.44,16.82,107.61,1947.74,18.1
2017-11-22,19.75,14.72,18.1,29.84,579.79,19.43
2017-11-23,24.03,16.52,19.43,73.7,1312.6,17.81
2017-11-24,24.52,16.84,17.81,73.31,1382.63,18.86
2017-11-25,20.57,19.24,18.87,46.13,896.77,19.44
2017-11-26,22.62,15.29,19.44,42.05,917.11,21.81
2017-11-27,23.01,19.79,21.81,95.9,1904.57,19.86
2017-11-28,27.5,19.27,19.85,81.19,1690.38,20.82
2017-11-29,22.63,17.88,20.82,25.51,529.59,20.76
2017-11-30,22.69,20.59,20.78,32.81,686.06,20.91
2017-12-01,27.15,22.83,21.09,103.06,2798.08,27.15
2017-12-02,27.27,22.17,23.42,74.33,1844.87,24.82
2017-12-03,25.57,23.38,24.82,32.67,789.96,24.18
2017-12-04,25.83,24.54,24.18,19.96,489.82,24.54
2017-12-05,26.54,24.63,24.54,59.28,1527.65,25.77
2017-12-06,30.8,27.5,25.77,183.26,5039.65,27.5
2017-12-07,37.05,28.73,27.5,101.66,3575.38,35.17
2017-12-08,33.7,27.17,35.2,45.51,1314.78,28.89
2017-12-09,37.26,26.72,28.89,202.8,6033.3,29.75
2017-12-10,37.77,30.18,29.74,27.27,862.55,31.63
2017-12-11,41.83,36.81,37.64,24.57,1027.27,41.81
2017-12-12,42.88,37.76,41.82,85.54,3314.68,38.75
2017-12-13,42.35,30.94,38.75,106.71,4019.77,37.67
2017-12-14,49.39,32.97,37.67,47.98,2040.11,42.52
2017-12-15,72.37,40.26,42.52,63.37,2679.92,42.29
2017-12-16,66.18,44.75,42.26,35.86,2003.5,55.87
2017-12-17,55.06,40.04,55.87,84.04,4005.35,47.66
2017-12-18,47.62,40.45,47.66,51.43,2448.07,47.6
2017-12-19,48.87,33.14,47.6,97.25,4260.52,43.81
2017-12-20,45.9,31.46,47.31,99.04,3911.09,39.49
2017-12-21,41.39,31.42,39.49,22.24,834.44,37.52
2017-12-22,38.22,28.9,37.52,89.04,2676.54,30.06
2017-12-23,49.48,29.66,30.61,65.66,2445.18,37.24
2017-12-24,48.53,28.96,37.24,47.41,1631.38,34.41
2017-12-25,37.31,34.17,34.41,11.04,381.65,34.57
2017-12-26,39.38,34.66,34.56,35.19,1219.69,34.66
2017-12-27,38.54,32.37,34.67,47.85,1844.14,38.54
2017-12-28,38.86,31.69,38.54,17.31,598.41,34.57
2017-12-29,49.5,31.66,34.59,144.24,5769.6,40.0
2017-12-30,42.61,31.96,40.0,55.71,2142.61,38.46
2017-12-31,42.51,42.51,38.46,0.0,0.0,42.51
2018-01-01,41.68,35.67,42.51,35.91,1280.91,35.67
2018-01-02,45.74,36.89,35.67,52.89,1951.11,36.89
2018-01-03,46.99,37.89,36.89,34.42,1345.82,39.1
2018-01-04,47.04,38.75,39.1,36.84,1677.69,45.54
2018-01-05,52.54,44.08,45.54,40.95,1805.08,44.08
2018-01-06,52.24,43.89,47.47,17.67,923.08,52.24
2018-01-07,53.55,42.97,52.24,74.55,3515.78,47.16
2018-01-08,62.9,43.43,47.16,179.32,10741.27,59.9
2018-01-09,72.21,56.43,59.9,34.5,2221.11,64.38
2018-01-10,95.35,65.65,64.38,177.24,16899.83,95.35
2018-01-11,85.05,73.21,91.39,47.56,3482.34,73.22
2018-01-12,85.82,62.29,73.22,56.14,4273.94,76.13
2018-01-13,88.28,65.52,76.13,131.73,9387.08,71.26
2018-01-14,79.09,63.15,71.26,38.01,2441.76,64.24
2018-01-15,73.04,64.07,64.24,44.78,2869.05,64.07
2018-01-16,64.71,52.58,78.19,33.76,1775.1,52.58
2018-01-17,52.02,50.23,52.58,26.88,1350.18,50.23
2018-01-18,54.76,50.28,50.23,23.43,1178.06,50.28
2018-01-19,55.29,44.46,50.28,45.57,2047.46,44.93
2018-01-20,56.88,49.86,44.94,23.63,1314.06,55.61
2018-01-21,54.28,47.71,55.61,36.83,1763.05,47.87
2018-01-22,52.34,44.83,47.87,14.12,664.2,47.04
2018-01-23,52.45,47.23,47.04,13.4,679.51,50.71
2018-01-24,55.34,50.29,47.76,34.96,1933.99,55.32
2018-01-25,54.1,49.17,55.31,12.52,671.2,53.61
2018-01-26,54.41,49.32,53.61,21.79,1137.22,52.19
2018-01-27,56.12,50.42,52.19,27.88,1500.22,53.81
2018-01-28,56.49,46.45,50.78,21.76,1041.0,47.84
2018-01-29,49.41,25.14,46.45,15.83,708.23,44.74
2018-01-30,50.46,30.61,44.75,53.02,2193.44,41.37
2018-01-31,50.19,25.83,41.37,63.11,2512.41,39.81
2018-02-01,45.91,31.45,39.81,58.31,2478.18,42.5
2018-02-02,44.67,30.46,42.5,55.97,2001.49,35.76
2018-02-03,46.56,31.46,35.77,32.99,1224.92,37.13
2018-02-04,38.9,32.05,37.13,48.12,1542.25,32.05
2018-02-05,31.58,26.67,32.05,13.85,378.94,27.36
2018-02-06,36.42,25.42,27.36,21.19,771.74,36.42
2018-02-07,36.06,26.57,36.42,14.71,390.84,26.57
2018-02-08,32.27,28.91,26.58,17.45,505.18,28.95
2018-02-09,34.19,30.47,28.97,9.587,316.85,33.05
2018-02-10,32.8,26.95,33.05,22.01,659.86,29.98
2018-02-11,38.45,25.86,29.98,33.77,1298.46,38.45
2018-02-12,42.6,27.7,38.45,29.53,1178.54,39.91
2018-02-13,38.27,28.91,39.91,47.65,1769.24,37.13
2018-02-14,52.1,33.51,37.13,168.25,6583.62,39.13
2018-02-15,48.14,37.63,39.13,36.04,1363.39,37.83
2018-02-16,45.85,37.07,37.83,18.86,771.0,40.88
2018-02-17,48.35,37.91,40.88,52.43,2369.31,45.19
2018-02-18,44.09,32.11,45.19,20.56,704.8,34.28
2018-02-19,41.93,32.54,34.29,28.63,1034.69,36.14
2018-02-20,38.59,31.93,36.14,75.01,2894.64,38.59
2018-02-21,40.22,29.54,38.59,19.51,682.46,34.98
2018-02-22,33.75,28.97,34.98,39.29,1168.48,29.74
2018-02-23,35.29,30.73,29.74,38.2,1346.55,35.25
2018-02-24,39.79,26.97,32.53,24.45,807.58,33.03
2018-02-25,36.63,27.48,33.03,14.43,457.58,31.71
2018-02-26,33.61,30.73,31.28,46.37,1436.54,30.98
2018-02-27,35.81,31.78,30.98,40.44,1285.18,31.78
2018-02-28,36.07,30.35,31.78,0.1894,6.832,36.07
2018-03-01,39.09,31.7,31.03,73.52,2873.9,39.09
2018-03-02,39.76,32.49,39.09,15.19,503.24,33.13
2018-03-03,43.27,31.63,33.13,19.34,836.65,43.26
2018-03-04,43.43,34.75,43.26,14.36,549.84,38.29
2018-03-05,40.01,34.33,38.29,31.06,1126.86,36.28
2018-03-06,37.13,31.13,36.28,36.52,1136.87,31.13
2018-03-07,34.39,26.81,31.13,31.92,859.61,26.93
2018-03-08,28.31,25.16,26.93,12.57,327.95,26.09
2018-03-09,27.69,20.97,26.09,7.567,178.96,23.65
2018-03-10,24.46,17.75,23.14,9.483,168.32,17.75
2018-03-11,36.06,19.26,17.75,166.32,4287.73,25.78
2018-03-12,31.82,21.85,25.78,37.42,882.36,23.58
2018-03-13,30.31,21.09,23.58,23.69,499.62,21.09
2018-03-14,21.22,17.23,21.09,75.57,1475.88,19.53
2018-03-15,19.65,17.45,19.53,19.69,344.58,17.5
2018-03-16,18.59,14.16,17.49,54.97,892.71,16.24
2018-03-17,15.9,13.91,14.61,15.28,225.38,14.75
2018-03-18,16.9,14.89,14.75,15.93,244.84,15.37
2018-03-19,17.0,14.66,15.37,16.58,253.01,15.26
2018-03-20,16.53,15.39,14.87,22.42,354.01,15.79
2018-03-21,16.01,13.42,15.79,49.85,790.62,15.86
2018-03-22,15.69,15.53,15.86,38.99,605.51,15.53
2018-03-23,15.99,13.55,15.53,7.63,121.16,15.88
2018-03-24,15.3,14.16,15.88,35.01,495.74,14.16
2018-03-25,15.06,12.95,14.16,21.94,307.82,14.03
2018-03-26,14.51,9.783,14.03,37.04,395.59,10.68
2018-03-27,12.39,9.37,9.823,182.41,1788.89,9.807
2018-03-28,14.14,9.95,9.807,59.87,595.71,9.95
2018-03-29,13.29,8.62,9.95,108.36,1216.88,11.23
2018-03-30,10.83,9.266,11.23,12.92,133.72,10.35
2018-03-31,11.3,9.721,10.35,24.27,252.89,10.42
2018-04-01,11.83,9.57,10.42,26.88,268.26,9.98
2018-04-02,10.33,9.544,9.98,2.673,25.51,9.544
2018-04-03,11.89,10.03,9.544,24.84,265.79,10.7
2018-04-04,15.48,9.671,10.7,233.72,3356.22,14.36
2018-04-05,16.49,9.744,14.37,68.72,983.38,14.31
2018-04-06,13.98,11.61,14.31,21.0,244.23,11.63
2018-04-07,13.14,12.11,11.63,16.32,200.74,12.3
2018-04-08,12.96,12.41,12.3,11.03,139.97,12.69
2018-04-09,12.9,12.22,12.69,14.18,174.27,12.29
2018-04-10,14.44,12.37,12.29,25.88,357.4,13.81
2018-04-11,31.03,12.7,12.51,235.42,4541.25,19.29
2018-04-12,22.99,14.52,19.29,177.14,2717.33,15.34
2018-04-13,68.75,14.79,15.34,861.62,14690.62,17.05
2018-04-14,18.65,16.05,17.05,94.35,1659.62,17.59
2018-04-15,20.55,15.51,17.59,37.6,629.8,16.75
2018-04-16,19.29,15.63,16.75,19.17,324.16,16.91
2018-04-17,23.55,15.87,16.91,14.21,333.65,23.48
2018-04-18,24.28,16.54,23.48,9.352,181.52,19.41
2018-04-19,22.85,15.2,18.27,59.18,940.37,15.89
2018-04-20,24.86,17.0,17.82,253.86,4747.18,18.7
2018-04-21,22.6,17.9,18.7,91.64,1655.02,18.06
2018-04-22,19.76,17.82,18.86,55.79,995.29,17.84
2018-04-23,19.3,17.31,17.84,45.24,783.1,17.31
2018-04-24,19.12,17.38,17.76,32.42,564.76,17.42
2018-04-25,17.74,15.97,17.42,20.58,346.98,16.86
2018-04-26,19.3,16.12,16.86,40.46,744.06,18.39
2018-04-27,20.11,16.98,17.65,69.41,1241.05,17.88
2018-04-28,20.75,15.09,17.88,45.44,849.73,18.7
2018-04-29,23.52,16.65,18.7,55.68,1162.6,20.88
2018-04-30,22.56,16.85,20.88,19.6,365.93,18.67
2018-05-01,20.53,16.44,18.67,26.28,477.51,18.17
2018-05-02,21.99,18.64,19.27,44.57,831.23,18.65
2018-05-03,20.74,19.68,18.65,23.15,480.13,20.74
2018-05-04,19.4,18.44,18.53,13.46,250.76,18.63
2018-05-05,20.64,18.51,18.63,8.845,163.72,18.51
2018-05-06,23.89,18.07,18.51,79.86,1557.27,19.5
2018-05-07,20.16,18.66,19.49,15.21,283.82,18.66
2018-05-08,18.3,18.21,18.66,28.44,517.89,18.21
2018-05-09,22.1,17.43,18.21,59.59,1083.94,18.19
2018-05-10,19.47,18.06,19.02,14.22,262.64,18.47
2018-05-11,20.54,16.84,18.47,12.86,216.95,16.87
2018-05-12,17.06,16.12,16.87,15.82,255.02,16.12
2018-05-13,18.59,16.55,16.13,3.403,63.26,18.59
2018-05-14,17.32,16.57,16.84,16.31,274.33,16.82
2018-05-15,16.94,16.18,16.82,18.58,301.18,16.21
2018-05-16,16.57,15.46,15.72,16.55,255.86,15.46
2018-05-17,16.1,14.53,15.46,33.41,536.23,16.05
2018-05-18,16.43,15.69,15.52,28.11,441.05,15.69
2018-05-19,16.48,15.59,15.7,16.03,249.91,15.59
2018-05-20,16.88,15.79,15.69,21.63,341.97,15.81
2018-05-21,15.68,15.16,15.81,18.26,276.82,15.16
2018-05-22,15.99,14.39,15.16,17.56,252.69,14.39
2018-05-23,15.01,12.76,14.39,8.179,104.36,12.76
2018-05-24,14.71,11.38,12.76,36.41,414.35,11.38
2018-05-25,14.95,12.13,15.17,10.7,130.01,12.15
2018-05-26,14.71,11.95,12.15,49.97,617.63,12.36
2018-05-27,12.38,12.15,12.36,17.42,211.65,12.15
2018-05-28,11.75,11.53,12.15,16.72,192.78,11.53
2018-05-29,13.75,12.11,13.1,16.61,201.15,12.11
2018-05-30,14.45,11.98,12.11,12.67,152.17,12.01
2018-05-31,14.98,14.18,13.97,35.18,515.39,14.65
2018-06-01,17.31,11.64,14.64,20.13,243.98,12.12
2018-06-02,12.86,12.4,12.31,2.82,36.27,12.86
2018-06-03,13.01,12.54,12.84,17.85,225.09,12.61
2018-06-04,12.32,10.5,12.61,41.12,460.96,11.21
2018-06-05,11.99,11.33,11.21,5.282,59.85,11.33
2018-06-06,11.73,11.38,11.33,9.838,114.91,11.68
2018-06-07,12.84,10.98,11.68,32.03,357.78,11.17
2018-06-08,12.72,11.09,11.74,23.08,255.96,11.09
2018-06-09,12.23,10.92,11.09,21.1,250.04,11.85
2018-06-10,10.76,9.944,11.56,28.72,285.59,9.944
2018-06-11,10.83,10.11,9.944,15.64,161.4,10.32
2018-06-12,10.38,9.278,10.32,17.68,183.52,10.38
2018-06-13,8.898,8.077,9.18,7.045,56.95,8.084
2018-06-14,9.367,8.51,8.084,18.91,176.0,9.307
2018-06-15,9.019,8.316,9.255,11.8,99.18,8.405
2018-06-16,9.891,8.246,8.578,4.331,42.84,9.891
2018-06-17,8.408,8.201,8.467,15.95,130.81,8.201
2018-06-18,16.65,8.501,8.201,109.76,1354.44,12.34
2018-06-19,16.85,9.391,12.33,1263.78,15456.03,12.23
2018-06-20,13.23,10.03,12.23,35.66,411.16,11.53
2018-06-21,13.29,10.2,11.12,80.77,923.2,11.43
2018-06-22,11.63,9.35,11.43,25.26,236.18,9.35
2018-06-23,18.13,9.632,9.452,1951.61,24726.9,12.67
2018-06-24,12.43,10.18,10.93,52.06,535.18,10.28
2018-06-25,11.29,10.1,11.11,79.67,830.96,10.43
2018-06-26,10.21,9.821,10.5,6.184,63.08,10.2
2018-06-27,10.7,9.949,10.07,27.99,290.26,10.37
2018-06-28,11.74,9.47,10.37,47.91,453.71,9.47
2018-06-29,10.17,10.01,9.47,64.2,643.28,10.02
2018-06-30,10.7,10.31,10.02,23.17,242.82,10.48
2018-07-01,10.55,10.39,10.47,39.63,411.76,10.39
2018-07-02,11.15,10.84,10.4,25.5,284.07,11.14
2018-07-03,11.07,10.67,10.94,11.13,118.76,10.67
2018-07-04,10.8,10.63,10.67,11.11,118.1,10.63
2018-07-05,10.8,10.54,10.63,27.53,290.99,10.57
2018-07-06,11.1,10.68,10.57,18.51,198.06,10.7
2018-07-07,10.97,10.93,10.7,19.69,215.61,10.95
2018-07-08,12.16,10.68,10.95,18.38,199.61,10.86
2018-07-09,10.96,10.8,10.86,8.416,90.89,10.8
2018-07-10,10.22,10.2,10.8,13.96,142.39,10.2
2018-07-11,11.59,10.23,10.2,16.15,165.21,10.23
2018-07-12,10.01,9.374,10.23,22.02,206.42,9.374
2018-07-13,9.918,8.622,8.655,10.51,99.19,9.438
2018-07-14,9.61,8.601,9.438,4.287,36.95,8.62
2018-07-15,9.839,8.725,8.619,16.7,146.78,8.789
2018-07-16,10.01,9.309,8.789,15.4,154.15,10.01
2018-07-17,11.72,9.4,10.01,45.54,463.6,10.18
2018-07-18,11.06,9.598,10.18,10.94,105.33,9.628
2018-07-19,10.72,9.751,9.628,6.733,65.65,9.751
2018-07-20,9.563,9.409,9.75,9.383,88.28,9.409
2018-07-21,9.568,9.257,9.409,21.74,201.25,9.257
2018-07-22,9.293,9.248,9.257,9.117,84.72,9.293
2018-07-23,9.902,8.181,9.293,33.95,295.03,8.69
2018-07-24,9.613,8.9,8.69,9.418,83.82,8.9
2018-07-25,9.249,7.256,8.9,15.6,125.03,8.015
2018-07-26,9.35,7.374,8.015,19.65,155.96,7.937
2018-07-27,8.764,7.365,7.937,12.26,90.29,7.365
2018-07-28,8.228,7.819,7.774,13.6,107.59,7.911
2018-07-29,9.129,7.896,7.911,22.33,177.03,7.928
2018-07-30,8.961,7.881,7.928,6.088,47.98,7.881
2018-07-31,7.73,7.442,7.881,8.897,66.21,7.442
2018-08-01,7.606,6.758,7.443,16.93,114.41,6.758
2018-08-02,6.698,6.698,6.758,24.15,161.76,6.698
2018-08-03,7.848,6.587,6.698,5.192,34.2,6.588
2018-08-04,7.32,5.264,6.588,30.02,158.69,5.286
2018-08-05,7.324,5.304,5.286,8.059,42.79,5.309
2018-08-06,6.906,5.236,5.309,83.29,462.84,5.557
2018-08-07,5.379,5.11,5.557,29.17,154.57,5.299
2018-08-08,6.063,4.777,5.299,27.78,162.54,5.851
2018-08-09,8.428,4.528,5.851,77.5,466.01,6.013
2018-08-10,5.687,4.926,6.013,16.75,82.51,4.926
2018-08-11,5.056,4.744,4.925,28.01,132.88,4.744
2018-08-12,5.211,4.805,4.744,13.31,64.81,4.869
2018-08-13,5.241,4.761,4.868,24.29,115.64,4.761
2018-08-14,7.384,4.712,4.761,81.72,385.06,4.712
2018-08-15,5.204,4.768,4.712,8.749,41.72,4.768
2018-08-16,6.269,4.806,4.768,43.17,207.48,4.806
2018-08-17,6.068,5.009,4.806,13.28,80.58,6.068
2018-08-18,5.898,4.804,6.068,41.3,198.41,4.804
2018-08-19,5.329,4.877,4.804,22.88,121.93,5.329
2018-08-20,4.712,3.762,4.886,24.71,92.96,3.762
2018-08-21,5.321,3.96,4.131,14.37,56.91,3.96
2018-08-22,4.889,3.501,3.96,70.52,251.4,3.565
2018-08-23,5.359,3.662,3.565,21.78,93.02,4.271
2018-08-24,5.073,4.382,4.271,8.055,35.3,4.382
2018-08-25,5.103,4.408,4.382,30.12,132.8,4.409
2018-08-26,5.081,4.389,4.409,80.85,354.93,4.39
2018-08-27,4.875,4.517,4.39,13.05,58.95,4.517
2018-08-28,5.673,4.631,4.517,19.6,90.77,4.631
2018-08-29,4.699,4.611,4.636,18.07,83.32,4.611
2018-08-30,4.899,4.199,4.611,43.67,183.46,4.201
2018-08-31,4.246,4.216,4.201,11.3,47.98,4.246
2018-09-01,7.203,3.623,4.246,108.39,702.69,6.483
2018-09-02,18.25,5.986,6.483,2116.21,18633.23,8.805
2018-09-03,8.775,7.27,8.798,110.96,806.68,7.27
2018-09-04,19.9,7.37,7.27,3921.53,44274.07,11.29
2018-09-05,12.59,7.617,11.29,223.55,2389.75,10.69
2018-09-06,11.39,7.402,10.06,74.43,582.41,7.825
2018-09-07,14.64,7.694,7.825,180.4,1454.02,8.06
2018-09-08,9.083,7.794,8.061,26.54,224.13,8.445
2018-09-09,8.061,7.843,7.992,13.06,102.43,7.843
2018-09-10,8.664,7.488,7.843,26.94,201.73,7.488
2018-09-11,8.625,7.454,7.488,38.06,283.7,7.454
2018-09-12,8.257,6.356,7.454,55.25,382.66,6.926
2018-09-13,7.732,6.492,6.926,11.52,78.15,6.784
2018-09-14,7.128,6.499,6.784,13.47,87.54,6.499
2018-09-15,7.983,6.384,6.498,19.52,124.62,6.384
2018-09-16,7.088,5.674,6.384,45.26,292.52,6.463
2018-09-17,5.965,5.957,6.188,2.201,13.13,5.965
2018-09-18,6.442,4.485,5.961,23.49,131.38,5.593
2018-09-19,7.218,5.639,5.593,8.156,50.1,6.143
2018-09-20,6.246,5.699,6.143,55.46,320.78,5.784
2018-09-21,10.82,5.973,5.784,1712.06,17360.29,10.14
2018-09-22,15.72,7.422,10.14,2616.0,20153.66,7.704
2018-09-23,9.712,7.688,7.704,20.87,179.34,8.593
2018-09-24,9.368,7.347,8.593,7.287,53.59,7.354
2018-09-25,9.006,7.191,7.354,12.52,93.5,7.468
2018-09-26,8.388,6.476,7.468,17.33,128.24,7.4
2018-09-27,7.936,6.452,7.4,100.44,776.3,7.729
2018-09-28,7.67,7.67,7.729,4.428,33.96,7.67
2018-09-29,7.634,7.158,7.671,0.5848,4.186,7.158
2018-09-30,7.18,6.395,7.158,3.762,26.09,6.935
2018-10-01,6.905,6.463,6.935,22.3,144.12,6.463
2018-10-02,6.395,6.395,6.463,0.79,5.052,6.395
2018-10-03,6.752,6.362,6.395,5.382,36.34,6.752
2018-10-04,6.843,6.448,6.752,20.73,135.89,6.555
2018-10-05,6.613,6.608,6.56,2.228,14.72,6.608
2018-10-06,6.566,5.931,6.608,9.906,58.75,5.931
2018-10-07,6.647,5.941,5.931,7.517,44.66,5.941
2018-10-08,6.53,5.985,5.941,9.308,57.57,6.185
2018-10-09,6.678,5.849,6.185,71.01,415.34,5.849
2018-10-10,7.897,5.805,5.849,47.81,318.41,6.66
2018-10-11,15.29,5.637,6.66,245.9,1394.74,5.672
2018-10-12,6.876,5.71,5.672,19.79,136.08,6.876
2018-10-13,5.578,5.578,5.565,0.6155,3.433,5.578
2018-10-14,5.964,4.081,5.578,222.84,1086.12,4.874
2018-10-15,5.455,5.134,4.874,39.26,214.16,5.455
2018-10-16,5.431,5.12,5.455,8.474,43.39,5.12
2018-10-17,9.001,4.619,5.12,103.66,534.47,5.156
2018-10-18,6.472,4.58,5.158,78.9,423.93,5.373
2018-10-19,6.154,5.221,5.373,25.09,135.41,5.397
2018-10-20,6.491,5.415,5.397,68.93,381.53,5.535
2018-10-21,5.965,5.429,5.535,112.9,673.45,5.965
2018-10-22,6.047,5.941,5.965,10.51,63.21,6.014
2018-10-23,6.229,6.002,6.015,5.426,33.8,6.229
2018-10-24,8.788,5.842,6.229,161.94,1006.78,6.217
2018-10-25,6.482,6.204,6.217,16.4,106.09,6.469
2018-10-26,6.464,5.853,6.469,10.61,67.45,6.357
2018-10-27,6.37,6.21,6.357,9.692,60.2,6.211
2018-10-28,6.658,6.122,6.121,8.375,55.76,6.658
2018-10-29,6.19,6.188,6.344,3.805,23.55,6.188
2018-10-30,6.183,6.006,6.188,1.828,10.98,6.006
2018-10-31,6.089,5.271,6.006,44.98,237.09,5.271
2018-11-01,6.662,5.303,5.271,42.97,227.87,5.303
2018-11-02,6.216,5.314,6.203,38.6,206.74,5.356
2018-11-03,5.723,5.299,5.356,27.98,148.27,5.299
2018-11-04,6.071,5.642,5.708,12.91,73.38,5.684
2018-11-05,5.788,5.282,5.684,54.24,288.01,5.31
2018-11-06,9.72,4.54,5.31,284.19,1505.92,5.299
2018-11-07,6.411,5.34,5.299,17.4,93.72,5.386
2018-11-08,6.378,5.304,5.387,32.11,175.93,5.479
2018-11-09,6.102,5.231,5.479,15.07,78.83,5.231
2018-11-10,6.051,5.245,6.032,25.53,135.56,5.31
2018-11-11,8.587,5.21,5.31,200.75,1147.09,5.714
2018-11-12,7.567,5.684,5.714,39.76,253.99,6.388
2018-11-13,6.352,5.597,6.388,3.285,18.43,5.61
2018-11-14,5.448,5.075,5.61,14.26,72.37,5.075
2018-11-15,4.992,4.991,5.074,3.152,15.73,4.992
2018-11-16,5.586,4.933,4.992,13.3,74.29,5.586
2018-11-17,5.568,4.917,5.586,13.07,64.27,4.917
2018-11-18,4.959,4.959,4.917,14.64,72.6,4.959
2018-11-19,4.323,3.869,4.959,18.75,79.61,4.246
2018-11-20,4.739,3.922,4.247,82.81,325.11,3.926
2018-11-21,4.593,3.776,3.926,10.39,47.68,4.589
2018-11-22,4.319,3.475,4.589,4.845,20.93,4.319
2018-11-23,5.82,3.835,4.319,209.19,904.75,4.325
2018-11-24,3.838,3.557,4.325,21.07,74.95,3.557
2018-11-25,4.18,3.536,3.557,57.12,201.98,3.536
2018-11-26,3.342,3.342,3.536,2.067,6.908,3.342
2018-11-27,3.765,2.815,3.342,70.59,265.77,3.765
2018-11-28,4.144,3.268,2.93,37.87,125.92,3.325
2018-11-29,4.261,3.343,3.325,43.88,146.87,3.347
2018-11-30,4.009,3.131,3.348,13.92,46.44,3.336
2018-12-01,4.197,3.492,3.336,9.264,38.88,4.197
2018-12-02,4.143,3.563,4.197,6.777,24.16,3.565
2018-12-03,4.626,3.279,3.565,93.37,431.93,4.626
2018-12-04,4.936,3.518,4.626,101.74,502.19,4.936
2018-12-05,4.672,3.441,4.936,5.761,20.54,3.566
2018-12-06,3.465,3.213,3.716,21.15,67.95,3.213
2018-12-07,4.276,3.082,3.213,70.08,240.16,3.427
2018-12-08,4.164,3.219,3.427,30.15,97.08,3.22
2018-12-09,3.355,3.108,3.22,8.088,26.12,3.23
2018-12-10,3.505,3.114,3.23,16.21,50.77,3.132
2018-12-11,3.1,2.724,3.132,38.07,117.75,3.093
2018-12-12,4.071,2.892,3.093,31.32,90.58,2.892
2018-12-13,3.55,2.743,2.892,3.806,10.69,2.809
2018-12-14,3.104,2.75,2.809,6.355,17.48,2.75
2018-12-15,3.161,2.748,2.75,15.76,43.66,2.77
2018-12-16,2.794,2.79,2.77,2.408,6.728,2.794
2018-12-17,3.701,2.844,2.794,35.76,109.78,3.07
2018-12-18,3.334,3.16,3.07,4.76,15.04,3.16
2018-12-19,3.845,2.994,3.16,3.671,14.11,3.845
2018-12-20,4.626,3.551,3.845,57.15,204.6,3.58
2018-12-21,4.581,3.374,3.58,15.9,56.05,3.525
2018-12-22,4.818,3.483,3.525,26.16,124.23,4.749
2018-12-23,4.705,3.647,4.749,27.27,99.51,3.649
2018-12-24,3.87,3.717,3.649,9.05,33.73,3.727
2018-12-25,3.528,3.501,3.755,7.245,25.36,3.501
2018-12-26,3.514,3.391,3.501,14.24,48.29,3.391
2018-12-27,3.212,3.212,3.391,21.0,67.45,3.212
2018-12-28,3.478,3.478,3.212,8.877,30.87,3.478
2018-12-29,3.488,3.345,3.478,8.404,29.31,3.488
2018-12-30,3.894,3.314,3.488,48.6,161.06,3.314
2018-12-31,3.747,3.187,3.314,19.87,66.47,3.345
2019-01-01,3.549,3.3,3.345,12.6,41.61,3.302
2019-01-02,3.371,3.268,3.302,12.3,40.2,3.268
2019-01-03,3.165,3.073,3.268,12.87,39.55,3.073
2019-01-04,3.138,3.103,3.073,4.616,14.32,3.103
2019-01-05,3.663,2.988,3.103,70.09,243.21,3.47
2019-01-06,3.693,3.206,3.47,1.57,5.052,3.218
2019-01-07,4.739,3.159,3.218,11.38,36.19,3.18
2019-01-08,4.231,3.172,3.18,67.76,259.86,3.835
2019-01-09,5.052,3.29,3.835,92.32,310.75,3.366
2019-01-10,4.578,1.514,3.366,297.45,873.02,2.935
2019-01-11,3.558,2.935,2.935,61.56,181.05,2.941
2019-01-12,3.487,3.031,3.035,39.09,134.7,3.446
2019-01-13,4.432,1.692,3.446,50.12,222.13,4.432
2019-01-14,5.545,2.602,4.432,13.93,36.25,2.602
2019-01-15,2.544,2.544,2.602,0.0,0.0,2.544
2019-01-16,2.56,2.56,2.544,0.0,0.0,2.56
2019-01-17,2.589,2.589,2.56,0.0,0.0,2.589
2019-01-18,2.563,2.563,2.589,0.0,0.0,2.563
2019-01-19,2.62,2.62,2.563,0.0,0.0,2.62
2019-01-20,4.663,2.506,2.62,5.01,14.31,2.856
2019-01-21,2.86,2.215,2.856,25.27,62.32,2.466
2019-01-22,2.487,2.487,2.466,0.0,0.0,2.487
2019-01-23,3.215,2.467,2.487,0.2063,0.6633,3.215
2019-01-24,3.239,3.239,3.215,0.0,0.0,3.239
2019-01-25,3.225,3.225,3.239,0.0,0.0,3.225
2019-01-26,3.237,3.237,3.225,0.0,0.0,3.237
2019-01-27,3.209,3.209,3.237,0.0,0.0,3.209
2019-01-28,3.108,3.108,3.209,0.0,0.0,3.108
2019-01-29,3.076,3.076,3.108,0.0,0.0,3.076
2019-01-30,8.599,2.08,3.076,433.73,2179.06,5.024
2019-01-31,15.45,3.778,5.024,606.62,4166.27,6.868
2019-02-01,6.923,4.767,6.868,10.6,50.53,4.767
2019-02-02,5.438,3.509,4.767,13.56,47.58,3.509
2019-02-03,9.314,2.932,3.509,247.1,980.25,3.967
2019-02-04,3.946,3.946,3.967,0.0,0.0,3.946
2019-02-05,9.584,3.448,3.431,7.657,68.64,8.964
2019-02-06,8.827,8.827,8.964,0.0,0.0,8.827
2019-02-07,8.776,8.776,8.827,0.0,0.0,8.776
2019-02-08,62.11,6.248,8.776,454.61,6155.42,13.54
2019-02-09,32.51,4.383,13.54,442.86,1942.38,4.386
2019-02-10,9.205,4.426,4.386,28.63,152.97,5.343
2019-02-11,7.855,3.972,5.343,15.18,60.29,3.972
2019-02-12,5.419,2.822,3.972,24.18,70.41,2.912
2019-02-13,4.28,2.903,2.912,4.882,20.89,4.28
2019-02-14,4.26,4.26,4.28,6.91e-06,2.944e-05,4.26
2019-02-15,4.265,4.265,4.26,0.0,0.0,4.265
2019-02-16,4.344,4.294,4.265,2.223,9.657,4.344
2019-02-17,4.409,3.487,4.344,1.537,5.366,3.491
2019-02-18,3.721,3.721,3.491,0.0,0.0,3.721
2019-02-19,5.415,3.732,3.721,13.77,68.84,4.999
2019-02-20,5.46,4.236,4.999,24.13,102.21,4.236
2019-02-21,4.535,3.928,4.236,34.09,139.33,4.087
2019-02-22,5.179,3.999,4.087,34.09,173.69,5.095
2019-02-23,5.448,3.981,5.095,29.63,143.82,4.854
2019-02-24,5.322,3.994,4.854,33.99,180.89,5.322
2019-02-25,6.537,4.665,5.322,28.72,135.73,4.726
2019-02-26,5.376,4.585,4.726,18.0,82.53,4.585
2019-02-27,6.068,4.785,4.856,18.94,98.81,5.217
2019-02-28,6.5,4.416,5.217,20.49,99.03,4.833
2019-03-01,7.586,4.843,4.833,18.14,133.73,7.372
2019-03-02,7.609,6.11,7.372,14.85,102.66,6.913
2019-03-03,6.923,5.215,6.913,16.16,99.13,6.134
2019-03-04,6.429,4.631,6.134,18.18,91.45,5.03
2019-03-05,5.858,4.843,5.03,22.87,111.19,4.862
2019-03-06,5.867,4.82,4.951,18.3,97.08,5.305
2019-03-07,5.506,4.721,4.882,14.81,73.72,4.978
2019-03-08,5.953,4.932,5.288,20.52,117.15,5.709
2019-03-09,6.005,4.816,5.709,16.24,84.04,5.175
2019-03-10,5.698,4.582,5.175,21.19,112.5,5.309
2019-03-11,5.235,4.658,5.309,20.67,96.28,4.658
2019-03-12,4.962,4.48,4.72,19.56,91.95,4.701
2019-03-13,6.62,4.596,4.701,17.99,104.52,5.81
2019-03-14,6.012,4.778,5.81,19.49,103.94,5.333
2019-03-15,6.448,5.396,5.333,17.85,101.78,5.702
2019-03-16,6.149,5.267,5.521,13.99,73.69,5.267
2019-03-17,5.841,4.742,5.267,20.43,103.56,5.069
2019-03-18,5.533,4.914,5.333,20.57,106.18,5.162
2019-03-19,5.553,4.982,5.397,17.48,94.9,5.429
2019-03-20,5.688,5.002,5.429,20.54,113.32,5.517
2019-03-21,5.716,5.26,5.517,18.66,101.29,5.428
2019-03-22,5.509,4.849,5.364,21.23,106.77,5.029
2019-03-23,5.233,4.845,4.925,15.44,78.82,5.105
2019-03-24,5.4,4.825,5.105,18.29,90.88,4.969
2019-03-25,5.122,4.737,4.969,25.15,123.59,4.914
2019-03-26,5.192,4.806,5.012,19.4,96.83,4.991
2019-03-27,5.369,4.948,5.137,16.99,88.6,5.215
2019-03-28,5.171,4.84,5.114,22.44,109.78,4.892
2019-03-29,5.406,4.942,4.892,18.36,95.49,5.201
2019-03-30,5.267,4.864,5.201,18.65,90.71,4.864
2019-03-31,5.54,4.857,4.864,25.38,131.21,5.17
2019-04-01,5.496,4.903,5.219,19.6,96.1,4.903
2019-04-02,6.634,5.957,5.409,21.05,129.42,6.148
2019-04-03,6.599,6.047,6.148,17.14,105.94,6.181
2019-04-04,6.422,5.803,6.221,26.64,158.64,5.955
2019-04-05,6.43,6.036,5.955,22.66,138.5,6.112
2019-04-06,6.827,6.074,6.173,25.44,155.67,6.119
2019-04-07,6.86,6.288,6.119,19.87,132.08,6.647
2019-04-08,7.015,6.581,6.647,22.67,149.19,6.581
2019-04-09,6.876,6.252,6.581,22.32,150.1,6.725
2019-04-10,6.888,6.292,6.725,13.03,88.08,6.76
2019-04-11,6.674,6.245,6.76,18.27,121.93,6.674
2019-04-12,6.733,6.21,6.674,17.13,106.81,6.235
2019-04-13,6.625,6.132,6.235,23.49,145.71,6.203
2019-04-14,6.715,6.116,6.203,15.95,101.67,6.374
2019-04-15,6.377,6.04,6.374,17.84,109.09,6.115
2019-04-16,6.641,6.271,6.271,19.93,130.18,6.532
2019-04-17,6.739,6.367,6.407,17.22,109.74,6.373
2019-04-18,6.766,6.369,6.373,20.51,130.63,6.369
2019-04-19,6.731,6.371,6.369,19.71,129.32,6.561
2019-04-20,6.759,6.418,6.561,21.13,137.64,6.514
2019-04-21,6.791,6.409,6.604,16.34,108.2,6.622
2019-04-22,7.018,6.495,6.622,18.69,129.86,6.948
2019-04-23,7.328,6.73,6.948,22.57,165.28,7.323
2019-04-24,7.227,6.758,7.323,28.09,199.33,7.096
2019-04-25,6.804,6.376,7.096,14.81,96.41,6.51
2019-04-26,6.804,6.312,6.51,18.22,118.72,6.516
2019-04-27,6.689,6.307,6.516,16.37,105.29,6.432
2019-04-28,6.775,6.38,6.437,21.45,139.9,6.522
2019-04-29,6.694,6.396,6.522,15.75,102.22,6.49
2019-04-30,7.047,6.367,6.542,25.72,180.01,6.999
2019-05-01,7.114,6.775,6.956,17.05,116.88,6.855
2019-05-02,7.299,6.903,6.855,16.98,117.96,6.947
2019-05-03,7.623,7.238,7.079,11.83,88.48,7.479
2019-05-04,7.645,7.195,7.301,13.53,97.98,7.242
2019-05-05,7.411,6.982,7.323,14.05,101.51,7.225
2019-05-06,7.392,6.967,7.225,15.58,114.0,7.317
2019-05-07,7.542,7.112,7.317,17.8,130.01,7.304
2019-05-08,7.888,7.282,7.35,16.06,123.6,7.696
2019-05-09,8.036,7.474,7.75,20.51,159.88,7.795
2019-05-10,9.779,7.916,7.795,14.59,132.38,9.073
2019-05-11,11.02,9.701,9.073,13.01,134.52,10.34
2019-05-12,11.05,9.873,10.34,15.98,172.1,10.77
2019-05-13,13.1,10.45,10.77,36.22,378.5,10.45
2019-05-14,12.83,10.69,10.45,11.94,153.19,12.83
2019-05-15,13.45,12.38,12.7,15.09,196.02,12.99
2019-05-16,12.83,10.54,12.99,19.19,234.89,12.24
2019-05-17,11.64,10.23,12.06,20.58,227.2,11.04
2019-05-18,11.22,9.955,11.04,17.88,190.6,10.66
2019-05-19,12.58,11.33,10.22,14.89,173.32,11.64
2019-05-20,11.88,10.71,11.92,14.44,163.03,11.29
2019-05-21,11.9,7.551,11.4,180.23,1660.28,9.212
2019-05-22,9.892,8.344,9.212,19.57,180.0,9.198
2019-05-23,9.885,7.836,9.023,28.42,241.09,8.483
2019-05-24,9.516,8.14,8.483,25.05,225.35,8.996
2019-05-25,9.655,7.68,8.996,27.71,223.98,8.083
2019-05-26,10.72,6.545,8.083,32.29,275.79,8.541
2019-05-27,9.558,5.623,8.541,40.63,315.74,7.771
2019-05-28,9.277,6.016,7.771,25.47,193.19,7.585
2019-05-29,8.663,5.251,7.279,49.02,281.91,5.751
2019-05-30,6.213,5.255,5.988,33.91,210.68,6.213
2019-05-31,6.562,5.306,6.213,39.35,218.59,5.555
2019-06-01,7.081,3.593,5.695,75.06,316.83,4.221
2019-06-02,5.669,4.052,4.221,59.04,309.55,5.243
2019-06-03,6.716,4.869,5.243,39.97,231.47,5.791
2019-06-04,6.524,4.709,5.95,40.81,231.72,5.678
2019-06-05,6.608,5.235,5.345,43.51,252.58,5.805
2019-06-06,6.281,5.281,5.805,38.86,241.75,6.221
2019-06-07,6.385,5.621,6.229,19.69,119.03,6.045
2019-06-08,6.508,5.163,5.941,34.13,202.43,5.931
2019-06-09,5.889,4.917,5.931,39.43,194.04,4.921
2019-06-10,6.317,5.061,4.921,45.05,249.94,5.548
2019-06-11,6.16,5.043,5.452,37.42,217.6,5.815
2019-06-12,6.3,3.542,5.98,49.07,243.83,4.969
2019-06-13,5.006,4.038,4.969,43.54,203.24,4.668
2019-06-14,5.059,3.999,4.668,55.03,247.97,4.506
2019-06-15,5.365,1.772,4.6,131.92,674.9,5.116
2019-06-16,5.196,3.084,5.116,96.45,352.14,3.651
2019-06-17,4.689,3.365,3.651,64.9,218.39,3.365
2019-06-18,3.724,3.043,3.365,59.78,186.45,3.119
2019-06-19,3.805,3.176,3.407,67.16,242.51,3.611
2019-06-20,3.787,3.369,3.611,67.45,250.78,3.718
2019-06-21,5.791,3.828,3.718,65.36,305.17,4.669
2019-06-22,5.164,3.451,4.669,78.24,301.85,3.858
2019-06-23,4.348,3.513,3.858,71.13,298.89,4.202
2019-06-24,4.573,3.716,4.391,56.83,225.05,3.96
2019-06-25,5.089,3.797,4.419,93.12,358.61,3.851
2019-06-26,5.448,3.875,3.851,70.64,334.76,4.739
2019-06-27,4.298,3.801,4.739,60.77,246.24,4.052
2019-06-28,4.775,3.709,4.127,71.55,319.18,4.461
2019-06-29,4.529,3.745,4.644,66.37,261.37,3.938
2019-06-30,4.917,3.481,4.022,33.12,162.85,4.917
2019-07-01,6.432,4.169,4.917,71.65,355.17,4.957
2019-07-02,5.819,4.077,4.957,55.04,234.25,4.256
2019-07-03,5.317,3.596,4.256,82.89,393.56,4.748
2019-07-04,5.099,3.782,4.868,59.64,268.62,4.504
2019-07-05,4.859,3.683,4.812,46.21,197.41,4.272
2019-07-06,5.244,3.645,4.272,70.93,371.96,5.244
2019-07-07,5.394,4.67,5.244,43.51,209.59,4.817
2019-07-08,5.453,4.396,4.521,56.87,286.62,5.04
2019-07-09,5.64,1.885,5.232,92.46,278.67,3.014
2019-07-10,3.145,2.123,3.014,119.45,320.84,2.686
2019-07-11,5.555,2.438,2.639,101.18,330.56,3.267
2019-07-12,4.185,2.987,3.209,123.79,405.41,3.275
2019-07-13,3.581,2.036,3.353,125.68,332.55,2.646
2019-07-14,2.427,1.684,2.551,104.93,236.41,2.253
2019-07-15,2.609,2.388,2.253,77.6,191.83,2.472
2019-07-16,2.267,1.987,2.472,107.32,240.18,2.238
2019-07-17,2.972,2.205,2.238,136.33,340.96,2.501
2019-07-18,3.593,2.357,2.501,90.09,247.48,2.747
2019-07-19,2.849,2.38,2.747,96.65,258.35,2.673
2019-07-20,2.87,2.594,2.724,100.14,276.29,2.759
2019-07-21,2.894,2.375,2.724,91.3,263.86,2.89
2019-07-22,2.83,2.819,2.89,102.01,288.48,2.828
2019-07-23,2.701,2.419,2.828,131.5,330.85,2.516
2019-07-24,2.553,2.303,2.516,72.28,179.54,2.484
2019-07-25,3.306,2.434,2.426,89.41,275.29,3.079
2019-07-26,3.351,2.796,3.226,78.42,240.28,3.064
2019-07-27,3.144,2.495,3.124,81.04,212.57,2.623
2019-07-28,3.22,2.573,2.681,76.28,203.21,2.664
2019-07-29,3.138,2.657,2.664,91.47,282.18,3.085
2019-07-30,3.405,2.451,3.085,117.32,301.63,2.571
2019-07-31,2.754,2.009,2.454,92.2,241.38,2.618
2019-08-01,2.754,2.194,2.618,71.09,155.97,2.194
2019-08-02,2.332,2.018,2.241,59.17,130.53,2.206
2019-08-03,2.466,2.167,2.206,45.48,112.15,2.466
2019-08-04,2.61,2.174,2.466,136.5,314.77,2.306
2019-08-05,2.755,2.189,2.306,138.14,302.39,2.189
2019-08-06,2.367,2.119,2.189,102.99,224.93,2.184
2019-08-07,2.831,2.268,2.29,116.1,328.68,2.831
2019-08-08,4.253,2.758,2.831,114.79,452.5,3.942
2019-08-09,4.104,3.595,3.942,86.08,321.34,3.733
2019-08-10,3.701,2.482,3.765,82.19,218.38,2.657
2019-08-11,3.413,2.569,2.657,83.8,269.17,3.212
2019-08-12,3.764,2.671,3.115,81.96,247.52,3.02
2019-08-13,3.187,2.834,3.02,83.87,259.33,3.092
2019-08-14,3.132,2.596,2.989,67.65,203.83,3.013
2019-08-15,3.199,2.788,3.013,81.62,246.25,3.017
2019-08-16,3.052,2.73,3.017,97.75,281.81,2.883
2019-08-17,2.837,2.726,2.853,95.88,265.2,2.766
2019-08-18,2.814,2.735,2.766,79.85,224.06,2.806
2019-08-19,2.972,2.894,2.8,79.8,230.94,2.894
2019-08-20,2.855,2.579,2.894,97.63,263.02,2.694
2019-08-21,2.664,2.349,2.694,89.94,211.63,2.353
2019-08-22,2.491,2.298,2.353,82.51,198.11,2.401
2019-08-23,2.507,2.155,2.328,99.49,238.08,2.393
2019-08-24,2.424,2.101,2.393,61.54,146.28,2.377
2019-08-25,2.525,2.297,2.377,46.91,111.36,2.374
2019-08-26,2.57,2.276,2.374,44.11,106.08,2.405
2019-08-27,2.622,2.223,2.405,69.13,167.23,2.419
2019-08-28,2.495,2.02,2.489,100.28,232.05,2.314
2019-08-29,2.427,2.035,2.261,97.9,211.66,2.162
2019-08-30,2.306,2.072,2.162,110.4,239.24,2.167
2019-08-31,2.477,2.076,2.167,108.74,248.69,2.287
2019-09-01,2.425,2.251,2.287,85.21,196.15,2.302
2019-09-02,2.623,2.358,2.397,110.5,261.77,2.369
2019-09-03,2.529,2.335,2.369,108.25,264.89,2.447
2019-09-04,2.609,2.398,2.469,86.35,212.85,2.465
2019-09-05,2.537,2.242,2.465,92.42,211.09,2.284
2019-09-06,2.54,1.965,2.284,118.48,258.4,2.181
2019-09-07,2.387,2.008,2.117,81.29,182.98,2.251
2019-09-08,2.539,2.009,2.251,92.78,233.71,2.519
2019-09-09,2.387,2.151,2.383,80.05,179.15,2.238
2019-09-10,2.505,2.132,2.284,96.78,229.85,2.375
2019-09-11,2.502,2.101,2.466,90.35,202.02,2.236
2019-09-12,2.655,2.244,2.236,111.25,288.92,2.597
2019-09-13,2.583,2.469,2.597,93.36,236.48,2.533
2019-09-14,2.553,2.492,2.515,80.69,204.23,2.531
2019-09-15,2.561,2.48,2.51,73.69,188.2,2.554
2019-09-16,2.548,2.47,2.554,80.9,199.98,2.472
2019-09-17,2.466,2.442,2.476,67.72,165.37,2.442
2019-09-18,2.484,2.436,2.456,99.42,246.26,2.477
2019-09-19,2.544,2.467,2.477,90.67,230.66,2.544
2019-09-20,2.551,2.422,2.544,97.48,237.85,2.44
2019-09-21,2.428,2.294,2.462,117.57,270.76,2.303
2019-09-22,2.42,2.302,2.303,94.96,225.72,2.377
2019-09-23,2.386,2.224,2.324,76.27,176.95,2.32
2019-09-24,2.035,1.959,2.275,91.16,184.14,2.02
2019-09-25,2.031,1.922,2.02,99.12,198.44,2.002
2019-09-26,1.953,1.842,1.975,115.89,214.86,1.854
2019-09-27,2.002,1.872,1.885,90.82,181.82,2.002
2019-09-28,1.983,1.894,1.965,97.87,186.05,1.901
2019-09-29,1.969,1.843,1.901,102.28,194.95,1.906
2019-09-30,2.058,1.952,1.916,96.54,188.45,1.952
2019-10-01,2.021,1.94,1.986,106.79,215.61,2.019
2019-10-02,2.114,1.978,2.019,87.19,178.74,2.05
2019-10-03,2.05,1.954,2.05,69.23,139.57,2.016
2019-10-04,1.997,1.903,2.016,127.36,250.14,1.964
2019-10-05,7.11,1.943,1.972,200.14,648.25,3.239
2019-10-06,8.372,2.67,3.048,80.64,482.63,5.985
2019-10-07,6.749,2.473,6.41,59.09,160.02,2.708
2019-10-08,5.157,2.594,2.708,58.38,157.86,2.704
2019-10-09,3.215,2.836,2.704,54.19,162.41,2.997
2019-10-10,3.508,2.888,2.997,84.65,296.95,3.508
2019-10-11,3.375,2.943,3.322,54.53,184.04,3.375
2019-10-12,4.523,2.513,3.375,56.67,246.29,4.346
2019-10-13,4.703,2.52,4.346,64.96,238.34,3.669
2019-10-14,4.321,3.144,3.669,56.89,219.88,3.865
2019-10-15,4.544,2.452,3.865,80.39,339.73,4.226
2019-10-16,4.143,2.336,4.226,61.41,194.18,3.162
2019-10-17,3.189,2.474,3.162,72.74,190.8,2.623
2019-10-18,2.843,2.063,2.731,149.34,365.88,2.45
2019-10-19,2.843,2.339,2.639,75.42,213.36,2.829
2019-10-20,3.166,2.581,2.762,50.66,147.22,2.906
2019-10-21,2.998,2.592,2.835,66.98,197.99,2.956
2019-10-22,3.14,2.613,2.906,63.35,191.06,3.016
2019-10-23,2.873,2.483,2.947,62.54,162.54,2.599
2019-10-24,2.671,2.36,2.599,69.23,184.91,2.671
2019-10-25,3.406,2.816,2.635,51.93,166.75,3.211
2019-10-26,3.555,3.008,3.18,89.96,291.65,3.242
2019-10-27,3.48,2.622,3.0,66.69,183.8,2.756
2019-10-28,3.228,2.121,2.756,153.21,356.37,2.326
2019-10-29,2.859,2.135,2.326,80.36,229.75,2.859
2019-10-30,2.891,2.391,2.755,68.6,188.44,2.747
2019-10-31,2.688,2.403,2.645,87.17,209.47,2.403
2019-11-01,2.65,2.357,2.44,96.68,227.87,2.357
2019-11-02,2.582,2.363,2.357,86.09,206.79,2.402
2019-11-03,2.461,2.242,2.438,57.82,137.03,2.37
2019-11-04,2.508,1.677,2.41,83.68,171.8,2.053
2019-11-05,2.502,1.805,2.053,106.21,265.74,2.502
2019-11-06,2.369,2.082,2.313,93.28,203.35,2.18
2019-11-07,2.108,1.892,2.106,92.12,180.0,1.954
2019-11-08,1.933,1.793,1.954,120.07,216.49,1.803
2019-11-09,1.855,1.786,1.803,89.75,161.55,1.8
2019-11-10,1.998,1.81,1.8,126.09,236.8,1.878
2019-11-11,2.068,1.747,1.878,108.58,192.84,1.776
2019-11-12,1.868,1.784,1.776,103.03,188.96,1.834
2019-11-13,1.903,1.783,1.825,98.9,188.21,1.903
2019-11-14,1.875,1.872,1.903,124.44,233.2,1.874
2019-11-15,1.839,1.658,1.874,189.47,333.47,1.76
2019-11-16,1.843,1.6,1.76,143.92,253.73,1.763
2019-11-17,1.782,1.194,1.763,171.61,282.3,1.645
2019-11-18,1.617,1.401,1.616,90.69,129.23,1.425
2019-11-19,1.718,1.381,1.425,146.62,251.89,1.718
2019-11-20,1.757,1.706,1.718,142.41,248.22,1.743
2019-11-21,1.725,1.641,1.746,84.26,144.25,1.712
2019-11-22,1.814,1.601,1.69,72.57,121.41,1.673
2019-11-23,1.709,1.639,1.673,105.25,177.98,1.691
2019-11-24,1.611,1.388,1.691,108.47,164.44,1.516
2019-11-25,1.619,1.508,1.518,90.38,140.99,1.56
2019-11-26,1.607,1.441,1.557,101.38,152.48,1.504
2019-11-27,1.666,1.569,1.519,105.33,172.43,1.637
2019-11-28,1.66,1.55,1.653,97.29,154.59,1.589
2019-11-29,1.711,1.143,1.577,205.35,289.95,1.412
2019-11-30,7.647,1.363,1.412,332.91,680.47,2.044
2019-12-01,4.148,1.929,2.033,109.51,292.5,2.671
2019-12-02,2.786,0.5908,2.671,256.95,468.68,1.824
2019-12-03,1.87,1.518,1.824,89.78,141.04,1.571
2019-12-04,1.71,1.446,1.571,139.39,226.51,1.625
2019-12-05,1.688,1.535,1.625,68.81,110.58,1.607
2019-12-06,2.541,1.695,1.661,106.03,235.17,2.218
2019-12-07,2.619,2.028,2.163,97.39,203.93,2.094
2019-12-08,3.762,1.992,2.124,112.68,248.12,2.202
2019-12-09,2.171,1.916,2.202,102.17,195.76,1.916
2019-12-10,1.895,1.855,1.919,82.09,153.59,1.871
2019-12-11,1.944,1.837,1.871,107.91,209.78,1.944
2019-12-12,1.994,1.869,1.944,101.09,190.35,1.883
2019-12-13,1.99,1.85,1.883,100.01,191.32,1.913
2019-12-14,1.87,1.827,1.913,125.15,232.4,1.857
2019-12-15,1.926,1.838,1.857,109.6,210.76,1.923
2019-12-16,1.861,1.857,1.923,53.91,100.11,1.857
2019-12-17,1.792,1.733,1.857,76.19,135.16,1.774
2019-12-18,1.951,1.91,1.774,97.11,188.59,1.942
2019-12-19,1.924,1.826,1.942,95.91,175.52,1.83
2019-12-20,1.841,1.838,1.83,91.46,168.38,1.841
2019-12-21,1.831,1.826,1.84,100.44,183.7,1.829
2019-12-22,1.925,1.915,1.83,154.15,295.97,1.92
2019-12-23,1.874,1.868,1.92,117.87,220.89,1.874
2019-12-24,1.858,1.851,1.874,109.02,202.12,1.854
2019-12-25,1.84,0.5835,1.854,236.51,322.6,1.364
2019-12-26,2.012,1.336,1.364,216.02,425.99,1.972
2019-12-27,2.049,1.451,2.004,92.42,180.77,1.956
2019-12-28,1.923,1.646,1.879,127.34,215.59,1.693
2019-12-29,1.693,1.346,1.659,146.95,197.79,1.346
2019-12-30,1.749,1.316,1.346,142.06,248.18,1.747
2019-12-31,1.721,1.45,1.698,116.38,168.75,1.45
2020-01-01,1.5,1.452,1.479,76.94,111.72,1.452
2020-01-02,1.439,1.405,1.452,140.18,198.07,1.413
2020-01-03,1.758,1.488,1.413,195.72,326.07,1.666
2020-01-04,1.717,1.621,1.698,117.79,191.64,1.627
2020-01-05,1.758,1.61,1.645,132.82,217.29,1.636
2020-01-06,1.815,1.726,1.636,93.36,166.74,1.786
2020-01-07,1.932,1.846,1.786,110.15,211.38,1.919
2020-01-08,1.894,1.793,1.896,88.93,161.05,1.811
2020-01-09,1.85,1.757,1.838,87.4,155.75,1.782
2020-01-10,1.92,1.854,1.789,96.2,182.59,1.898
2020-01-11,1.842,1.789,1.871,110.09,198.16,1.8
2020-01-12,1.866,1.734,1.81,144.87,257.72,1.779
2020-01-13,1.826,1.745,1.815,121.9,213.2,1.749
2020-01-14,1.916,1.882,1.758,123.04,232.42,1.889
2020-01-15,1.923,1.57,1.889,125.65,197.27,1.57
2020-01-16,1.731,1.553,1.57,141.24,241.38,1.709
2020-01-17,1.743,1.637,1.709,96.64,167.09,1.729
2020-01-18,1.801,1.668,1.729,123.72,214.28,1.732
2020-01-19,1.755,1.643,1.732,107.02,181.72,1.698
2020-01-20,1.718,1.643,1.698,108.79,180.59,1.66
2020-01-21,1.808,1.66,1.66,140.54,246.79,1.756
2020-01-22,1.798,1.68,1.756,104.18,175.13,1.681
2020-01-23,1.69,1.626,1.681,120.72,199.07,1.649
2020-01-24,1.705,1.632,1.679,132.07,216.2,1.637
2020-01-25,4.048,1.598,1.678,389.04,941.48,2.42
2020-01-26,2.731,2.18,2.42,98.07,240.37,2.451
2020-01-27,2.641,2.258,2.451,104.47,263.47,2.522
2020-01-28,2.758,2.43,2.573,75.76,184.1,2.43
2020-01-29,2.426,2.368,2.442,71.76,171.43,2.389
2020-01-30,2.45,2.366,2.395,87.42,209.37,2.395
2020-01-31,2.375,2.324,2.395,70.05,164.34,2.346
2020-02-01,2.412,2.362,2.367,81.41,192.86,2.369
2020-02-02,2.404,2.337,2.369,94.09,222.81,2.368
2020-02-03,2.398,2.319,2.368,122.72,292.44,2.383
2020-02-04,2.353,2.278,2.383,109.2,249.41,2.284
2020-02-05,2.468,2.393,2.284,103.2,253.46,2.456
2020-02-06,2.506,2.407,2.456,108.37,265.29,2.448
2020-02-07,2.529,2.414,2.457,95.55,233.43,2.443
2020-02-08,2.5,2.449,2.452,95.8,239.02,2.495
2020-02-09,2.56,2.515,2.488,81.98,207.82,2.535
2020-02-10,2.475,2.426,2.535,104.63,253.83,2.426
2020-02-11,2.568,2.526,2.426,93.77,238.93,2.548
2020-02-12,2.606,2.563,2.552,86.23,222.56,2.581
2020-02-13,2.609,2.517,2.581,87.84,224.17,2.552
2020-02-14,2.654,2.538,2.552,93.39,243.93,2.612
2020-02-15,2.548,2.451,2.621,99.04,252.35,2.548
2020-02-16,2.56,2.505,2.535,92.1,231.82,2.517
2020-02-17,2.487,2.423,2.517,95.92,233.95,2.439
2020-02-18,2.614,2.547,2.461,56.03,144.5,2.579
2020-02-19,2.478,2.397,2.579,59.99,144.88,2.415
2020-02-20,2.438,2.396,2.415,92.01,221.38,2.406
2020-02-21,2.521,2.419,2.406,91.93,224.22,2.439
2020-02-22,2.497,2.399,2.439,109.53,265.17,2.421
2020-02-23,2.564,2.495,2.429,86.02,217.37,2.527
2020-02-24,2.484,2.431,2.527,76.89,187.69,2.441
2020-02-25,2.35,2.32,2.434,100.04,232.89,2.328
2020-02-26,2.202,2.186,2.328,110.16,241.36,2.191
2020-02-27,2.2,2.033,2.191,105.59,224.59,2.127
2020-02-28,2.18,1.896,2.127,111.89,233.96,2.091
2020-02-29,2.092,1.748,2.062,97.38,188.24,1.933
2020-03-01,2.055,1.862,2.019,108.92,217.19,1.994
2020-03-02,2.044,1.859,1.942,94.24,190.74,2.024
2020-03-03,1.999,1.829,2.024,115.32,223.37,1.937
2020-03-04,2.013,1.827,1.937,111.96,214.85,1.919
2020-03-05,2.049,1.901,1.919,95.45,182.31,1.91
2020-03-06,1.928,1.882,1.91,128.29,242.47,1.89
2020-03-07,1.884,1.837,1.89,109.11,202.73,1.858
2020-03-08,1.697,1.68,1.858,93.72,158.48,1.691
2020-03-09,1.672,1.662,1.691,111.98,186.33,1.664
2020-03-10,1.663,1.653,1.664,113.08,187.26,1.656
2020-03-11,1.801,1.666,1.656,125.93,224.41,1.782
2020-03-12,1.121,1.063,1.782,104.0,112.74,1.084
2020-03-13,1.326,1.21,1.084,107.29,132.5,1.235
2020-03-14,1.192,1.132,1.235,119.19,142.07,1.192
2020-03-15,1.267,1.218,1.192,95.87,118.3,1.234
2020-03-16,1.175,1.112,1.234,88.95,101.85,1.145
2020-03-17,1.253,1.202,1.145,48.01,57.71,1.202
2020-03-18,1.231,1.194,1.208,54.9,66.87,1.218
2020-03-19,1.399,1.359,1.218,109.99,149.48,1.359
2020-03-20,1.395,1.32,1.359,97.55,131.11,1.344
2020-03-21,1.418,1.333,1.344,116.92,157.73,1.349
2020-03-22,1.338,1.264,1.349,94.63,123.21,1.302
2020-03-23,1.498,1.411,1.292,110.44,158.15,1.432
2020-03-24,1.527,1.437,1.432,125.6,186.77,1.487
2020-03-25,1.481,1.416,1.487,105.68,153.87,1.456
2020-03-26,1.477,1.404,1.456,118.69,169.01,1.424
2020-03-27,1.468,1.418,1.424,29.31,42.18,1.438
