time,close,high,low,open,volumefrom,volumeto
2015-01-09,1.0,1.0,1.0,1.0,0.00023999999999999998,0.00023999999999999998
2015-01-10,0.99,1.0,0.99,1.0,0.2277,0.2256
2015-01-11,0.99,0.99,0.99,0.99,0.0,0.0
2015-01-12,0.99,0.99,0.99,0.99,0.0,0.0
2015-01-13,0.99,0.99,0.99,0.99,0.0,0.0
2015-01-14,0.99,0.99,0.99,0.99,0.0,0.0
2015-01-15,1.0,1.0,0.99,0.99,4.984,4.984
2015-01-16,1.0,1.0,1.0,1.0,0.0,0.0
2015-01-17,1.0,1.0,1.0,1.0,0.0,0.0
2015-01-18,1.0,1.0,1.0,1.0,0.0,0.0
2015-01-19,1.0,1.0,1.0,1.0,0.0,0.0
2015-01-20,1.0,1.0,1.0,1.0,0.0,0.0
2015-01-21,1.0,1.0,1.0,1.0,0.0,0.0
2015-01-22,1.0,1.0,1.0,1.0,0.0,0.0
2015-01-23,1.0,1.0,1.0,1.0,0.0,0.0
2015-01-24,1.0,1.0,1.0,1.0,0.0,0.0
2015-01-25,1.0,1.0,1.0,1.0,0.0,0.0
2015-01-26,1.0,1.0,1.0,1.0,0.0,0.0
2015-01-27,1.0,1.0,1.0,1.0,0.0,0.0
2015-01-28,1.0,1.0,1.0,1.0,0.0,0.0
2015-01-29,1.0,1.0,1.0,1.0,0.0,0.0
2015-01-30,1.0,1.0,1.0,1.0,0.0,0.0
2015-01-31,1.0,1.0,1.0,1.0,0.0,0.0
2015-02-01,1.0,1.0,1.0,1.0,0.0,0.0
2015-02-02,1.0,1.0,1.0,1.0,0.0,0.0
2015-02-03,1.0,1.0,1.0,1.0,0.0,0.0
2015-02-04,1.0,1.0,1.0,1.0,0.0,0.0
2015-02-05,1.0,1.0,1.0,1.0,0.0,0.0
2015-02-06,1.0,1.0,1.0,1.0,0.0,0.0
2015-02-07,1.0,1.0,1.0,1.0,0.0,0.0
2015-02-08,1.0,1.0,1.0,1.0,0.0,0.0
2015-02-09,1.0,1.0,1.0,1.0,0.0,0.0
2015-02-10,1.0,1.0,1.0,1.0,0.0,0.0
2015-02-11,1.0,1.0,1.0,1.0,0.0,0.0
2015-02-12,1.0,1.0,1.0,1.0,0.0,0.0
2015-02-13,1.0,1.0,1.0,1.0,0.0,0.0
2015-02-14,1.0,1.0,1.0,1.0,0.0,0.0
2015-02-15,1.0,1.0,1.0,1.0,0.0,0.0
2015-02-16,1.0,1.0,1.0,1.0,0.0,0.0
2015-02-17,1.15,1.15,1.0,1.0,2.504,2.8789999999999996
2015-02-18,1.15,1.15,1.15,1.15,0.0,0.0
2015-02-19,1.15,1.15,1.15,1.15,0.0,0.0
2015-02-20,1.15,1.15,1.15,1.15,0.0,0.0
2015-02-21,1.5,1.5,1.15,1.15,0.0001415,0.00021219999999999998
2015-02-22,1.5,1.5,1.5,1.5,0.0,0.0
2015-02-23,1.5,1.5,1.5,1.5,0.0,0.0
2015-02-24,1.5,1.5,1.5,1.5,0.0,0.0
2015-02-25,1.5,1.5,1.5,1.5,0.0,0.0
2015-02-26,1.5,1.5,1.5,1.5,0.0,0.0
2015-02-27,1.5,1.5,1.5,1.5,0.0,0.0
2015-02-28,1.5,1.5,1.5,1.5,0.0,0.0
2015-03-01,1.5,1.5,1.5,1.5,0.0,0.0
2015-03-02,1.5,1.5,1.5,1.5,0.0,0.0
2015-03-03,1.5,1.5,1.5,1.5,0.0,0.0
2015-03-04,1.5,1.5,1.5,1.5,0.0,0.0
2015-03-05,1.5,1.5,1.5,1.5,0.0,0.0
2015-03-06,1.5,1.5,1.5,1.5,0.0,0.0
2015-03-07,1.5,1.5,1.5,1.5,0.0,0.0
2015-03-08,1.5,1.5,1.5,1.5,0.0,0.0
2015-03-09,1.5,1.5,1.5,1.5,0.0,0.0
2015-03-10,1.5,1.5,1.5,1.5,0.0,0.0
2015-03-11,1.5,1.5,1.5,1.5,0.0,0.0
2015-03-12,1.5,1.5,1.5,1.5,0.0,0.0
2015-03-13,1.5,1.5,1.5,1.5,0.0,0.0
2015-03-14,1.5,1.5,1.5,1.5,0.0,0.0
2015-03-15,1.5,1.5,1.5,1.5,0.0,0.0
2015-03-16,1.5,1.5,1.5,1.5,0.0,0.0
2015-03-17,1.5,1.5,1.5,1.5,0.0,0.0
2015-03-18,1.5,1.5,1.5,1.5,0.0,0.0
2015-03-19,1.5,1.5,1.5,1.5,0.0,0.0
2015-03-20,1.5,1.5,1.5,1.5,0.0,0.0
2015-03-21,1.5,1.5,1.5,1.5,0.0,0.0
2015-03-22,1.5,1.5,1.5,1.5,0.0,0.0
2015-03-23,1.5,1.5,1.5,1.5,0.0,0.0
2015-03-24,1.5,1.5,1.5,1.5,0.0,0.0
2015-03-25,1.5,1.5,1.5,1.5,0.0,0.0
2015-03-26,1.5,1.5,1.5,1.5,0.0,0.0
2015-03-27,1.5,1.5,1.5,1.5,0.0,0.0
2015-03-28,1.5,1.5,1.5,1.5,0.0,0.0
2015-03-29,1.5,1.5,1.5,1.5,0.0,0.0
2015-03-30,1.5,1.5,1.5,1.5,0.0,0.0
2015-03-31,1.5,1.5,1.5,1.5,0.0,0.0
2015-04-01,1.5,1.5,1.5,1.5,0.0,0.0
2015-04-02,1.5,1.5,1.5,1.5,0.0,0.0
2015-04-03,1.5,1.5,1.5,1.5,0.0,0.0
2015-04-04,1.5,1.5,1.5,1.5,0.0,0.0
2015-04-05,1.5,1.5,1.5,1.5,0.0,0.0
2015-04-06,1.5,1.5,1.5,1.5,0.0,0.0
2015-04-07,1.5,1.5,1.5,1.5,0.0,0.0
2015-04-08,1.5,1.5,1.5,1.5,0.0,0.0
2015-04-09,1.5,1.5,1.5,1.5,0.0,0.0
2015-04-10,1.5,1.5,1.5,1.5,0.0,0.0
2015-04-11,1.5,1.5,1.5,1.5,0.0,0.0
2015-04-12,1.5,1.5,1.5,1.5,0.0,0.0
2015-04-13,1.5,1.5,1.5,1.5,0.0,0.0
2015-04-14,1.5,1.5,1.5,1.5,0.0,0.0
2015-04-15,1.5,1.5,1.5,1.5,0.0,0.0
2015-04-16,1.5,1.5,1.5,1.5,0.0,0.0
2015-04-17,1.5,1.5,1.5,1.5,0.0,0.0
2015-04-18,1.5,1.5,1.5,1.5,0.0,0.0
2015-04-19,1.5,1.5,1.5,1.5,0.0,0.0
2015-04-20,1.5,1.5,1.5,1.5,0.0,0.0
2015-04-21,1.5,1.5,1.5,1.5,0.0,0.0
2015-04-22,1.5,1.5,1.5,1.5,0.0,0.0
2015-04-23,1.5,1.5,1.5,1.5,0.0,0.0
2015-04-24,1.5,1.5,1.5,1.5,0.0,0.0
2015-04-25,1.5,1.5,1.5,1.5,0.0,0.0
2015-04-26,1.5,1.5,1.5,1.5,0.0,0.0
2015-04-27,1.5,1.5,1.5,1.5,0.0,0.0
2015-04-28,1.5,1.5,1.5,1.5,0.0,0.0
2015-04-29,1.5,1.5,1.5,1.5,0.0,0.0
2015-04-30,1.5,1.5,1.5,1.5,0.0,0.0
2015-05-01,1.5,1.5,1.5,1.5,0.0,0.0
2015-05-02,1.5,1.5,1.5,1.5,0.0,0.0
2015-05-03,1.5,1.5,1.5,1.5,0.0,0.0
2015-05-04,1.5,1.5,1.5,1.5,0.0,0.0
2015-05-05,1.5,1.5,1.5,1.5,0.0,0.0
2015-05-06,1.5,1.5,1.5,1.5,0.0,0.0
2015-05-07,1.5,1.5,1.5,1.5,0.0,0.0
2015-05-08,1.5,1.5,1.5,1.5,0.0,0.0
2015-05-09,1.5,1.5,1.5,1.5,0.0,0.0
2015-05-10,1.5,1.5,1.5,1.5,0.0,0.0
2015-05-11,1.5,1.5,1.5,1.5,0.0,0.0
2015-05-12,1.5,1.5,1.5,1.5,0.0,0.0
2015-05-13,1.5,1.5,1.5,1.5,0.0,0.0
2015-05-14,1.5,1.5,1.5,1.5,0.0,0.0
2015-05-15,1.5,1.5,1.5,1.5,0.0,0.0
2015-05-16,1.5,1.5,1.5,1.5,0.0,0.0
2015-05-17,1.5,1.5,1.5,1.5,0.0,0.0
2015-05-18,1.5,1.5,1.5,1.5,0.0,0.0
2015-05-19,1.5,1.5,1.5,1.5,0.0,0.0
2015-05-20,1.5,1.5,1.5,1.5,0.0,0.0
2015-05-21,1.5,1.5,1.5,1.5,0.0,0.0
2015-05-22,1.5,1.5,1.5,1.5,0.0,0.0
2015-05-23,1.5,1.5,1.5,1.5,0.0,0.0
2015-05-24,1.5,1.5,1.5,1.5,0.0,0.0
2015-05-25,1.5,1.5,1.5,1.5,0.0,0.0
2015-05-26,1.5,1.5,1.5,1.5,0.0,0.0
2015-05-27,1.5,1.5,1.5,1.5,0.0,0.0
2015-05-28,1.5,1.5,1.5,1.5,0.0,0.0
2015-05-29,1.5,1.5,1.5,1.5,0.0,0.0
2015-05-30,1.5,1.5,1.5,1.5,0.0,0.0
2015-05-31,1.5,1.5,1.5,1.5,0.0,0.0
2015-06-01,1.5,1.5,1.5,1.5,0.0,0.0
2015-06-02,1.5,1.5,1.5,1.5,0.0,0.0
2015-06-03,1.5,1.5,1.5,1.5,0.0,0.0
2015-06-04,1.5,1.5,1.5,1.5,0.0,0.0
2015-06-05,1.5,1.5,1.5,1.5,0.0,0.0
2015-06-06,1.5,1.5,1.5,1.5,0.0,0.0
2015-06-07,1.5,1.5,1.5,1.5,0.0,0.0
2015-06-08,1.5,1.5,1.5,1.5,0.0,0.0
2015-06-09,1.5,1.5,1.5,1.5,0.0,0.0
2015-06-10,1.5,1.5,1.5,1.5,0.0,0.0
2015-06-11,1.5,1.5,1.5,1.5,0.0,0.0
2015-06-12,1.5,1.5,1.5,1.5,0.0,0.0
2015-06-13,1.5,1.5,1.5,1.5,0.0,0.0
2015-06-14,1.5,1.5,1.5,1.5,0.0,0.0
2015-06-15,1.5,1.5,1.5,1.5,0.0,0.0
2015-06-16,1.5,1.5,1.5,1.5,0.0,0.0
2015-06-17,1.5,1.5,1.5,1.5,0.0,0.0
2015-06-18,1.5,1.5,1.5,1.5,0.0,0.0
2015-06-19,1.5,1.5,1.5,1.5,0.0,0.0
2015-06-20,1.5,1.5,1.5,1.5,0.0,0.0
2015-06-21,1.5,1.5,1.5,1.5,0.0,0.0
2015-06-22,1.5,1.5,1.5,1.5,0.0,0.0
2015-06-23,1.5,1.5,1.5,1.5,0.0,0.0
2015-06-24,1.5,1.5,1.5,1.5,0.0,0.0
2015-06-25,1.5,1.5,1.5,1.5,0.0,0.0
2015-06-26,1.5,1.5,1.5,1.5,0.0,0.0
2015-06-27,1.5,1.5,1.5,1.5,0.0,0.0
2015-06-28,1.5,1.5,1.5,1.5,0.0,0.0
2015-06-29,1.5,1.5,1.5,1.5,0.0,0.0
2015-06-30,1.5,1.5,1.5,1.5,0.0,0.0
2015-07-01,1.5,1.5,1.5,1.5,0.0,0.0
2015-07-02,1.5,1.5,1.5,1.5,0.0,0.0
2015-07-03,1.5,1.5,1.5,1.5,0.0,0.0
2015-07-04,1.5,1.5,1.5,1.5,0.0,0.0
2015-07-05,1.5,1.5,1.5,1.5,0.0,0.0
2015-07-06,1.5,1.5,1.5,1.5,0.0,0.0
2015-07-07,1.5,1.5,1.5,1.5,0.0,0.0
2015-07-08,1.5,1.5,1.5,1.5,0.0,0.0
2015-07-09,1.5,1.5,1.5,1.5,0.0,0.0
2015-07-10,1.5,1.5,1.5,1.5,0.0,0.0
2015-07-11,1.5,1.5,1.5,1.5,0.0,0.0
2015-07-12,1.5,1.5,1.5,1.5,0.0,0.0
2015-07-13,1.5,1.5,1.5,1.5,0.0,0.0
2015-07-14,1.5,1.5,1.5,1.5,0.0,0.0
2015-07-15,1.5,1.5,1.5,1.5,0.0,0.0
2015-07-16,0.96,0.96,0.96,0.96,0.08071,0.07748
2015-07-17,0.96,0.96,0.96,0.96,0.0,0.0
2015-07-18,0.96,0.96,0.96,0.96,0.0,0.0
2015-07-19,0.96,0.96,0.96,0.96,0.0,0.0
2015-07-20,0.96,0.96,0.96,0.96,0.0,0.0
2015-07-21,0.96,0.96,0.96,0.96,0.0,0.0
2015-07-22,0.96,0.96,0.96,0.96,0.0,0.0
2015-07-23,0.96,0.96,0.96,0.96,0.0,0.0
2015-07-24,0.96,0.96,0.96,0.96,0.0,0.0
2015-07-25,0.96,0.96,0.96,0.96,0.0,0.0
2015-07-26,0.96,0.96,0.96,0.96,0.0,0.0
2015-07-27,0.96,0.96,0.96,0.96,0.0,0.0
2015-07-28,0.96,0.96,0.96,0.96,0.0,0.0
2015-07-29,0.96,0.96,0.96,0.96,0.0,0.0
2015-07-30,0.96,0.96,0.96,0.96,0.0,0.0
2015-07-31,0.96,0.96,0.96,0.96,0.0,0.0
2015-08-01,0.96,0.96,0.96,0.96,0.0,0.0
2015-08-02,0.96,0.96,0.96,0.96,0.0,0.0
2015-08-03,0.96,0.96,0.96,0.96,0.0,0.0
2015-08-04,0.96,0.96,0.96,0.96,0.0,0.0
2015-08-05,0.96,0.96,0.96,0.96,0.0,0.0
2015-08-06,0.96,0.96,0.96,0.96,0.0,0.0
2015-08-07,0.96,0.96,0.96,0.96,0.0,0.0
2015-08-08,0.96,0.96,0.96,0.96,0.0,0.0
2015-08-09,0.96,0.96,0.96,0.96,0.0,0.0
2015-08-10,0.96,0.96,0.96,0.96,0.0,0.0
2015-08-11,0.96,0.96,0.96,0.96,0.0,0.0
2015-08-12,0.96,0.96,0.96,0.96,0.0,0.0
2015-08-13,0.96,0.96,0.96,0.96,0.0,0.0
2015-08-14,0.96,0.96,0.96,0.96,0.0,0.0
2015-08-15,0.96,0.96,0.96,0.96,0.0,0.0
2015-08-16,0.96,0.96,0.96,0.96,0.0,0.0
2015-08-17,0.96,0.96,0.96,0.96,0.0,0.0
2015-08-18,0.96,0.96,0.96,0.96,0.0,0.0
2015-08-19,0.96,0.96,0.96,0.96,0.0,0.0
2015-08-20,0.96,0.96,0.96,0.96,0.0,0.0
2015-08-21,0.96,0.96,0.96,0.96,0.0,0.0
2015-08-22,0.96,0.96,0.96,0.96,0.0,0.0
2015-08-23,0.96,0.96,0.96,0.96,0.0,0.0
2015-08-24,0.96,0.96,0.96,0.96,0.0,0.0
2015-08-25,0.96,0.96,0.96,0.96,0.0,0.0
2015-08-26,0.96,0.96,0.96,0.96,0.0,0.0
2015-08-27,0.96,0.96,0.96,0.96,0.0,0.0
2015-08-28,0.96,0.96,0.96,0.96,0.0,0.0
2015-08-29,0.96,0.96,0.96,0.96,0.0,0.0
2015-08-30,0.96,0.96,0.96,0.96,0.0,0.0
2015-08-31,0.96,0.96,0.96,0.96,0.0,0.0
2015-09-01,999.0,999.0,999.0,999.0,0.002304,2.301
2015-09-02,1.15,999.0,1.15,999.0,0.0001252,0.000144
2015-09-03,1.15,1.15,1.15,1.15,0.0,0.0
2015-09-04,1.15,1.15,1.15,1.15,0.0,0.0
2015-09-05,1.15,1.15,1.15,1.15,0.0,0.0
2015-09-06,1.15,1.15,1.15,1.15,0.0,0.0
2015-09-07,1.15,1.15,1.15,1.15,0.0,0.0
2015-09-08,1.15,1.15,1.15,1.15,0.0,0.0
2015-09-09,1.15,1.15,1.15,1.15,0.0,0.0
2015-09-10,1.15,1.15,1.15,1.15,0.0,0.0
2015-09-11,1.15,1.15,1.15,1.15,0.0,0.0
2015-09-12,1.15,1.15,1.15,1.15,0.0,0.0
2015-09-13,1.15,1.15,1.15,1.15,0.0,0.0
2015-09-14,1.15,1.15,1.15,1.15,0.0,0.0
2015-09-15,1.15,1.15,1.15,1.15,0.0,0.0
2015-09-16,1.15,1.15,1.15,1.15,0.0,0.0
2015-09-17,1.15,1.15,1.15,1.15,0.0,0.0
2015-09-18,1.15,1.15,1.15,1.15,0.0,0.0
2015-09-19,1.15,1.15,1.15,1.15,0.0,0.0
2015-09-20,1.15,1.15,1.15,1.15,0.0,0.0
2015-09-21,1.15,1.15,1.15,1.15,0.0,0.0
2015-09-22,1.15,1.15,1.15,1.15,0.0,0.0
2015-09-23,1.15,1.15,1.15,1.15,0.0,0.0
2015-09-24,1.15,1.15,1.15,1.15,0.0,0.0
2015-09-25,1.15,1.15,1.15,1.15,0.0,0.0
2015-09-26,1.15,1.15,1.15,1.15,0.0,0.0
2015-09-27,1.15,1.15,1.15,1.15,0.0,0.0
2015-09-28,1.15,1.15,1.15,1.15,0.0,0.0
2015-09-29,1.15,1.15,1.15,1.15,0.0,0.0
2015-09-30,1.15,1.15,1.15,1.15,0.0,0.0
2015-10-01,1.15,1.15,1.15,1.15,0.0,0.0
2015-10-02,1.15,1.15,1.15,1.15,0.0,0.0
2015-10-03,1.15,1.15,1.15,1.15,0.0,0.0
2015-10-04,1.15,1.15,1.15,1.15,0.0,0.0
2015-10-05,1.15,1.15,1.15,1.15,0.0,0.0
2015-10-06,1.15,1.15,1.15,1.15,0.0,0.0
2015-10-07,1.15,1.15,1.15,1.15,0.0,0.0
2015-10-08,1.15,1.15,1.15,1.15,0.0,0.0
2015-10-09,1.15,1.15,1.15,1.15,0.0,0.0
2015-10-10,1.15,1.15,1.15,1.15,0.0,0.0
2015-10-11,1.15,1.15,1.15,1.15,0.0,0.0
2015-10-12,1.15,1.15,1.15,1.15,0.0,0.0
2015-10-13,1.15,1.15,1.15,1.15,0.0,0.0
2015-10-14,1.15,1.15,1.15,1.15,0.0,0.0
2015-10-15,1.15,1.15,1.15,1.15,0.0,0.0
2015-10-16,1.15,1.15,1.15,1.15,0.0,0.0
2015-10-17,1.15,1.15,1.15,1.15,0.0,0.0
2015-10-18,1.15,1.15,1.15,1.15,0.0,0.0
2015-10-19,1.15,1.15,1.15,1.15,0.0,0.0
2015-10-20,1.15,1.15,1.15,1.15,0.0,0.0
2015-10-21,1.15,1.15,1.15,1.15,0.0,0.0
2015-10-22,1.15,1.15,1.15,1.15,0.0,0.0
2015-10-23,1.15,1.15,1.15,1.15,0.0,0.0
2015-10-24,1.15,1.15,1.15,1.15,0.0,0.0
2015-10-25,1.15,1.15,1.15,1.15,0.0,0.0
2015-10-26,1.15,1.15,1.15,1.15,0.0,0.0
2015-10-27,1.15,1.15,1.15,1.15,0.0,0.0
2015-10-28,1.15,1.15,1.15,1.15,0.0,0.0
2015-10-29,1.15,1.15,1.15,1.15,0.0,0.0
2015-10-30,1.15,1.15,1.15,1.15,0.0,0.0
2015-10-31,1.15,1.15,1.15,1.15,0.0,0.0
2015-11-01,1.15,1.15,1.15,1.15,0.0,0.0
2015-11-02,1.15,1.15,1.15,1.15,0.0,0.0
2015-11-03,1.15,1.15,1.15,1.15,0.0,0.0
2015-11-04,1.15,1.15,1.15,1.15,0.0,0.0
2015-11-05,1.15,1.15,1.15,1.15,0.0,0.0
2015-11-06,1.15,1.15,1.15,1.15,0.0,0.0
2015-11-07,1.15,1.15,1.15,1.15,0.0,0.0
2015-11-08,1.15,1.15,1.15,1.15,0.0,0.0
2015-11-09,1.15,1.15,1.15,1.15,0.0,0.0
2015-11-10,1.15,1.15,1.15,1.15,0.0,0.0
2015-11-11,1.15,1.15,1.15,1.15,0.0,0.0
2015-11-12,1.15,1.15,1.15,1.15,0.0,0.0
2015-11-13,1.15,1.15,1.15,1.15,0.0,0.0
2015-11-14,1.15,1.15,1.15,1.15,0.0,0.0
2015-11-15,1.15,1.15,1.15,1.15,0.0,0.0
2015-11-16,1.15,1.15,1.15,1.15,0.0,0.0
2015-11-17,1.15,1.15,1.15,1.15,0.0,0.0
2015-11-18,1.15,1.15,1.15,1.15,0.0,0.0
2015-11-19,1.15,1.15,1.15,1.15,0.0,0.0
2015-11-20,1.15,1.15,1.15,1.15,0.0,0.0
2015-11-21,1.15,1.15,1.15,1.15,0.0,0.0
2015-11-22,1.15,1.15,1.15,1.15,0.0,0.0
2015-11-23,1.15,1.15,1.15,1.15,0.0,0.0
2015-11-24,1.15,1.15,1.15,1.15,0.0,0.0
2015-11-25,1.15,1.15,1.15,1.15,0.0,0.0
2015-11-26,1.15,1.15,1.15,1.15,0.0,0.0
2015-11-27,1.15,1.15,1.15,1.15,0.0,0.0
2015-11-28,1.15,1.15,1.15,1.15,0.0,0.0
2015-11-29,1.15,1.15,1.15,1.15,0.0,0.0
2015-11-30,1.15,1.15,1.15,1.15,0.0,0.0
2015-12-01,1.15,1.15,1.15,1.15,0.0,0.0
2015-12-02,1.15,1.15,1.15,1.15,0.0,0.0
2015-12-03,1.15,1.15,1.15,1.15,0.0,0.0
2015-12-04,1.15,1.15,1.15,1.15,0.0,0.0
2015-12-05,1.15,1.15,1.15,1.15,0.0,0.0
2015-12-06,1.15,1.15,1.15,1.15,0.0,0.0
2015-12-07,1.15,1.15,1.15,1.15,0.0,0.0
2015-12-08,1.15,1.15,1.15,1.15,0.0,0.0
2015-12-09,1.15,1.15,1.15,1.15,0.0,0.0
2015-12-10,1.15,1.15,1.15,1.15,0.0,0.0
2015-12-11,1.15,1.15,1.15,1.15,0.0,0.0
2015-12-12,1.15,1.15,1.15,1.15,0.0,0.0
2015-12-13,1.15,1.15,1.15,1.15,0.0,0.0
2015-12-14,1.15,1.15,1.15,1.15,0.0,0.0
2015-12-15,1.15,1.15,1.15,1.15,0.0,0.0
2015-12-16,1.15,1.15,1.15,1.15,0.0,0.0
2015-12-17,1.15,1.15,1.15,1.15,0.0,0.0
2015-12-18,1.15,1.15,1.15,1.15,0.0,0.0
2015-12-19,1.15,1.15,1.15,1.15,0.0,0.0
2015-12-20,1.15,1.15,1.15,1.15,0.0,0.0
2015-12-21,1.15,1.15,1.15,1.15,0.0,0.0
2015-12-22,1.15,1.15,1.15,1.15,0.0,0.0
2015-12-23,1.15,1.15,1.15,1.15,0.0,0.0
2015-12-24,1.15,1.15,1.15,1.15,0.0,0.0
2015-12-25,1.15,1.15,1.15,1.15,0.0,0.0
2015-12-26,1.15,1.15,1.15,1.15,0.0,0.0
2015-12-27,1.15,1.15,1.15,1.15,0.0,0.0
2015-12-28,1.15,1.15,1.15,1.15,0.0,0.0
2015-12-29,1.15,1.15,1.15,1.15,0.0,0.0
2015-12-30,1.15,1.15,1.15,1.15,0.0,0.0
2015-12-31,1.15,1.15,1.15,1.15,0.0,0.0
2016-01-01,1.15,1.15,1.15,1.15,0.0,0.0
2016-01-02,1.15,1.15,1.15,1.15,0.0,0.0
2016-01-03,1.15,1.15,1.15,1.15,0.0,0.0
2016-01-04,1.15,1.15,1.15,1.15,0.0,0.0
2016-01-05,1.15,1.15,1.15,1.15,0.0,0.0
2016-01-06,1.15,1.15,1.15,1.15,0.0,0.0
2016-01-07,1.15,1.15,1.15,1.15,0.0,0.0
2016-01-08,1.15,1.15,1.15,1.15,0.0,0.0
2016-01-09,1.15,1.15,1.15,1.15,0.0,0.0
2016-01-10,1.15,1.15,1.15,1.15,0.0,0.0
2016-01-11,1.15,1.15,1.15,1.15,0.0,0.0
2016-01-12,1.15,1.15,1.15,1.15,0.0,0.0
2016-01-13,1.15,1.15,1.15,1.15,0.0,0.0
2016-01-14,1.15,1.15,1.15,1.15,0.0,0.0
2016-01-15,1.02,1.02,1.0090000000000001,1.0090000000000001,19.15,19.33
2016-01-16,1.02,1.02,1.02,1.02,0.0,0.0
2016-01-17,1.02,1.02,1.02,1.02,0.0,0.0
2016-01-18,1.02,1.02,1.02,1.02,0.0,0.0
2016-01-19,1.02,1.02,1.02,1.02,0.0,0.0
2016-01-20,1.02,1.02,1.02,1.02,0.0,0.0
2016-01-21,1.02,1.02,1.02,1.02,0.0,0.0
2016-01-22,1.02,1.02,1.02,1.02,0.0,0.0
2016-01-23,1.02,1.02,1.02,1.02,0.0,0.0
2016-01-24,1.02,1.02,1.02,1.02,0.0,0.0
2016-01-25,1.02,1.02,1.02,1.02,0.0,0.0
2016-01-26,1.02,1.02,1.02,1.02,0.0,0.0
2016-01-27,1.02,1.02,1.02,1.02,0.0,0.0
2016-01-28,1.02,1.02,1.02,1.02,0.0,0.0
2016-01-29,1.02,1.02,1.02,1.02,0.0,0.0
2016-01-30,1.02,1.02,1.02,1.02,0.0,0.0
2016-01-31,1.02,1.02,1.02,1.02,0.0,0.0
2016-02-01,1.02,1.02,1.02,1.02,0.0,0.0
2016-02-02,1.02,1.02,1.02,1.02,0.0,0.0
2016-02-03,1.02,1.02,1.02,1.02,0.0,0.0
2016-02-04,1.02,1.02,1.02,1.02,0.0,0.0
2016-02-05,1.02,1.02,1.02,1.02,0.0,0.0
2016-02-06,1.02,1.02,1.02,1.02,0.0,0.0
2016-02-07,1.02,1.02,1.02,1.02,0.0,0.0
2016-02-08,1.02,1.02,1.02,1.02,0.0,0.0
2016-02-09,1.02,1.02,1.02,1.02,0.0,0.0
2016-02-10,1.02,1.02,1.02,1.02,0.0,0.0
2016-02-11,1.02,1.02,1.02,1.02,0.0,0.0
2016-02-12,1.02,1.02,1.02,1.02,0.0,0.0
2016-02-13,1.02,1.02,1.02,1.02,0.0,0.0
2016-02-14,1.02,1.02,1.02,1.02,0.0,0.0
2016-02-15,1.02,1.02,1.02,1.02,0.0,0.0
2016-02-16,1.02,1.02,1.02,1.02,0.0,0.0
2016-02-17,1.1,1.1,1.1,1.1,0.0055,0.00605
2016-02-18,1.1,1.1,1.1,1.1,0.0,0.0
2016-02-19,1.1,1.1,1.1,1.1,0.0,0.0
2016-02-20,1.1,1.1,1.1,1.1,0.0,0.0
2016-02-21,1.1,1.1,1.1,1.1,0.0,0.0
2016-02-22,1.1,1.1,1.1,1.1,0.0,0.0
2016-02-23,1.1,1.1,1.1,1.1,0.0001518,0.000167
2016-02-24,1.1,1.1,1.1,1.1,0.0,0.0
2016-02-25,1.1,1.1,1.1,1.1,0.0,0.0
2016-02-26,1.1,1.1,1.1,1.1,0.0,0.0
2016-02-27,1.1,1.1,1.1,1.1,0.0,0.0
2016-02-28,1.1,1.1,1.1,1.1,0.0,0.0
2016-02-29,1.1,1.1,1.1,1.1,0.0,0.0
2016-03-01,1.1,1.1,1.1,1.1,0.0,0.0
2016-03-02,1.1,1.1,1.1,1.1,0.0,0.0
2016-03-03,1.1,1.1,1.1,1.1,0.0,0.0
2016-03-04,1.1,1.1,1.1,1.1,0.0,0.0
2016-03-05,1.1,1.1,1.1,1.1,0.0,0.0
2016-03-06,1.1,1.1,1.1,1.1,0.0,0.0
2016-03-07,1.1,1.1,1.1,1.1,0.0,0.0
2016-03-08,1.1,1.1,1.1,1.1,0.0,0.0
2016-03-09,1.1,1.1,1.1,1.1,0.0,0.0
2016-03-10,1.1,1.1,1.1,1.1,0.0,0.0
2016-03-11,1.1,1.1,1.1,1.1,0.0,0.0
2016-03-12,1.1,1.1,1.1,1.1,0.0,0.0
2016-03-13,0.0999,0.0999,0.0999,0.0999,9.173,0.9164
2016-03-14,0.0999,0.0999,0.0999,0.0999,0.0,0.0
2016-03-15,0.0999,0.0999,0.0999,0.0999,0.0,0.0
2016-03-16,0.0999,0.0999,0.0999,0.0999,0.0,0.0
2016-03-17,0.0999,0.0999,0.0999,0.0999,0.0,0.0
2016-03-18,0.0999,0.0999,0.0999,0.0999,0.0,0.0
2016-03-19,0.0999,0.0999,0.0999,0.0999,0.0,0.0
2016-03-20,0.0999,0.0999,0.0999,0.0999,0.0,0.0
2016-03-21,0.0999,0.0999,0.0999,0.0999,0.0,0.0
2016-03-22,0.0999,0.0999,0.0999,0.0999,0.0,0.0
2016-03-23,0.0999,0.0999,0.0999,0.0999,0.0,0.0
2016-03-24,0.0999,0.0999,0.0999,0.0999,0.0,0.0
2016-03-25,0.0999,0.0999,0.0999,0.0999,0.0,0.0
2016-03-26,0.0999,0.0999,0.0999,0.0999,0.0,0.0
2016-03-27,0.0999,0.0999,0.0999,0.0999,0.0,0.0
2016-03-28,0.0999,0.0999,0.0999,0.0999,0.0,0.0
2016-03-29,0.0999,0.0999,0.0999,0.0999,0.0,0.0
2016-03-30,0.0999,0.0999,0.0999,0.0999,0.0,0.0
2016-03-31,0.0999,0.0999,0.0999,0.0999,0.0,0.0
2016-04-01,0.0999,0.0999,0.0999,0.0999,0.0,0.0
2016-04-02,0.0999,0.0999,0.0999,0.0999,0.0,0.0
2016-04-03,0.0999,0.0999,0.0999,0.0999,0.0,0.0
2016-04-04,0.0999,0.0999,0.0999,0.0999,0.0,0.0
2016-04-05,0.0999,0.0999,0.0999,0.0999,0.0,0.0
2016-04-06,0.0999,0.0999,0.0999,0.0999,0.0,0.0
2016-04-07,0.0999,0.0999,0.0999,0.0999,0.0,0.0
2016-04-08,0.0999,0.0999,0.0999,0.0999,0.0,0.0
2016-04-09,0.0999,0.0999,0.0999,0.0999,0.0,0.0
2016-04-10,0.0999,0.0999,0.0999,0.0999,0.0,0.0
2016-04-11,999.1,999.1,1.1,1.1,1.726,203.35
2016-04-12,999.1,999.1,999.1,999.1,0.0,0.0
2016-04-13,999.1,999.1,999.1,999.1,0.0,0.0
2016-04-14,999.1,999.1,999.1,999.1,0.0,0.0
2016-04-15,999.1,999.1,999.1,999.1,0.0,0.0
2016-04-16,999.1,999.1,999.1,999.1,0.0,0.0
2016-04-17,999.1,999.1,999.1,999.1,0.0,0.0
2016-04-18,999.1,999.1,999.1,999.1,0.0,0.0
2016-04-19,999.1,999.1,999.1,999.1,0.0,0.0
2016-04-20,999.1,999.1,999.1,999.1,0.0,0.0
2016-04-21,999.1,999.1,999.1,999.1,0.0,0.0
2016-04-22,999.1,999.1,999.1,999.1,0.0,0.0
2016-04-23,999.1,999.1,999.1,999.1,0.0,0.0
2016-04-24,999.1,999.1,999.1,999.1,0.0,0.0
2016-04-25,999.1,999.1,999.1,999.1,0.0,0.0
2016-04-26,999.1,999.1,999.1,999.1,0.0,0.0
2016-04-27,999.1,999.1,999.1,999.1,0.0,0.0
2016-04-28,999.1,999.1,999.1,999.1,0.0,0.0
2016-04-29,999.1,999.1,999.1,999.1,0.0,0.0
2016-04-30,999.1,999.1,999.1,999.1,0.0,0.0
2016-05-01,999.1,999.1,999.1,999.1,0.0,0.0
2016-05-02,999.1,999.1,999.1,999.1,0.0,0.0
2016-05-03,999.1,999.1,999.1,999.1,0.0,0.0
2016-05-04,999.1,999.1,999.1,999.1,0.0,0.0
2016-05-05,999.1,999.1,999.1,999.1,0.0,0.0
2016-05-06,999.1,999.1,999.1,999.1,0.0,0.0
2016-05-07,999.1,999.1,999.1,999.1,0.0,0.0
2016-05-08,999.1,999.1,999.1,999.1,0.0,0.0
2016-05-09,999.1,999.1,999.1,999.1,0.0,0.0
2016-05-10,999.1,999.1,999.1,999.1,0.0,0.0
2016-05-11,999.1,999.1,999.1,999.1,0.0,0.0
2016-05-12,999.1,999.1,999.1,999.1,0.0,0.0
2016-05-13,999.1,999.1,999.1,999.1,0.0,0.0
2016-05-14,999.1,999.1,999.1,999.1,0.0,0.0
2016-05-15,999.1,999.1,999.1,999.1,0.0,0.0
2016-05-16,999.1,999.1,999.1,999.1,0.0,0.0
2016-05-17,999.1,999.1,999.1,999.1,0.0,0.0
2016-05-18,999.1,999.1,999.1,999.1,0.0,0.0
2016-05-19,999.1,999.1,999.1,999.1,0.0,0.0
2016-05-20,999.1,999.1,999.1,999.1,0.0,0.0
2016-05-21,999.1,999.1,999.1,999.1,0.0,0.0
2016-05-22,999.1,999.1,999.1,999.1,0.0,0.0
2016-05-23,999.1,999.1,999.1,999.1,0.0,0.0
2016-05-24,999.1,999.1,999.1,999.1,0.1548,154.69
2016-05-25,999.1,999.1,999.1,999.1,0.0,0.0
2016-05-26,50.0,999.1,1.25,999.1,1.032,50.04
2016-05-27,50.0,50.0,50.0,50.0,0.0,0.0
2016-05-28,50.0,50.0,50.0,50.0,0.0,0.0
2016-05-29,50.0,50.0,50.0,50.0,0.0,0.0
2016-05-30,50.0,50.0,50.0,50.0,0.0,0.0
2016-05-31,50.0,50.0,50.0,50.0,0.0,0.0
2016-06-01,1.0,3.0,1.0,3.0,10.7,13.17
2016-06-02,1.0,1.0,1.0,1.0,0.0,0.0
2016-06-03,1.0,1.0,1.0,1.0,0.0,0.0
2016-06-04,1.0,1.0,1.0,1.0,0.0,0.0
2016-06-05,1.0,1.0,1.0,1.0,0.0,0.0
2016-06-06,1.0,1.0,1.0,1.0,0.0,0.0
2016-06-07,1.0,1.0,1.0,1.0,0.0,0.0
2016-06-08,1.0,1.0,1.0,1.0,0.0,0.0
2016-06-09,1.0,1.0,1.0,1.0,0.0,0.0
2016-06-10,1.0,1.0,1.0,1.0,0.0,0.0
2016-06-11,1.0,1.0,1.0,1.0,0.0,0.0
2016-06-12,1.0,1.0,1.0,1.0,0.0,0.0
2016-06-13,1.0,1.0,1.0,1.0,0.0,0.0
2016-06-14,1.0,1.0,1.0,1.0,0.0,0.0
2016-06-15,1.0,1.0,1.0,1.0,0.0,0.0
2016-06-16,1.0,1.0,1.0,1.0,0.0,0.0
2016-06-17,1.0,1.0,1.0,1.0,0.0,0.0
2016-06-18,1.0,1.0,1.0,1.0,0.0,0.0
2016-06-19,1.0,1.0,1.0,1.0,0.0,0.0
2016-06-20,1.0,1.0,1.0,1.0,0.0,0.0
2016-06-21,1.0,1.0,1.0,1.0,0.0,0.0
2016-06-22,1.0,1.0,1.0,1.0,0.0,0.0
2016-06-23,1.0,1.0,1.0,1.0,0.0,0.0
2016-06-24,1.0,1.0,1.0,1.0,0.0,0.0
2016-06-25,1.0,1.0,1.0,1.0,0.0,0.0
2016-06-26,1.0,1.0,1.0,1.0,0.0,0.0
2016-06-27,1.0,1.0,1.0,1.0,0.0,0.0
2016-06-28,1.0,1.0,1.0,1.0,0.0,0.0
2016-06-29,1.0,1.0,1.0,1.0,0.0,0.0
2016-06-30,1.0,1.0,1.0,1.0,0.0,0.0
2016-07-01,1.0,1.0,1.0,1.0,0.0,0.0
2016-07-02,1.0,1.0,1.0,1.0,0.0,0.0
2016-07-03,1.0,1.0,1.0,1.0,0.0,0.0
2016-07-04,1.0,1.0,1.0,1.0,0.0,0.0
2016-07-05,1.0,1.0,1.0,1.0,0.0,0.0
2016-07-06,1.0,1.0,1.0,1.0,0.0,0.0
2016-07-07,1.0,1.0,1.0,1.0,0.0,0.0
2016-07-08,1.0,1.0,1.0,1.0,0.0,0.0
2016-07-09,1.0,1.0,1.0,1.0,0.0,0.0
2016-07-10,1.0,1.0,1.0,1.0,0.0,0.0
2016-07-11,1.0,1.0,1.0,1.0,0.0,0.0
2016-07-12,1.0,1.0,1.0,1.0,0.0,0.0
2016-07-13,1.0,1.0,1.0,1.0,0.0,0.0
2016-07-14,1.0,1.0,1.0,1.0,0.0,0.0
2016-07-15,1.0,1.0,1.0,1.0,0.0,0.0
2016-07-16,1.0,1.0,1.0,1.0,0.0,0.0
2016-07-17,1.0,1.0,1.0,1.0,0.0,0.0
2016-07-18,1.0,1.0,1.0,1.0,0.0,0.0
2016-07-19,1.0,1.0,1.0,1.0,0.0,0.0
2016-07-20,1.0,1.0,1.0,1.0,0.0,0.0
2016-07-21,1.0,1.0,1.0,1.0,0.0,0.0
2016-07-22,2.0,2.0,2.0,2.0,28.36,56.71
2016-07-23,2.0,2.0,2.0,2.0,0.0,0.0
2016-07-24,1.7,1.7,1.7,1.7,0.2003,0.3405
2016-07-25,1.7,1.7,1.7,1.7,0.0,0.0
2016-07-26,1.7,1.7,1.7,1.7,0.0,0.0
2016-07-27,1.7,1.7,1.7,1.7,0.0,0.0
2016-07-28,1.7,1.7,1.7,1.7,0.0,0.0
2016-07-29,1.7,1.7,1.7,1.7,0.0,0.0
2016-07-30,1.7,1.7,1.7,1.7,0.0,0.0
2016-07-31,1.7,1.7,1.7,1.7,0.0,0.0
2016-08-01,1.65,1.65,1.65,1.65,1.0,1.65
2016-08-02,1.65,1.65,1.65,1.65,0.0,0.0
2016-08-03,1.65,1.65,1.65,1.65,0.0,0.0
2016-08-04,1.65,1.65,1.65,1.65,0.0,0.0
2016-08-05,1.65,1.65,1.65,1.65,0.0,0.0
2016-08-06,1.65,1.65,1.65,1.65,0.0,0.0
2016-08-07,1.65,1.65,1.65,1.65,0.0,0.0
2016-08-08,1.65,1.65,1.65,1.65,0.0,0.0
2016-08-09,1.65,1.65,1.65,1.65,0.0,0.0
2016-08-10,1.65,1.65,1.65,1.65,0.0,0.0
2016-08-11,1.65,1.65,1.65,1.65,0.0,0.0
2016-08-12,1.2,1.2,1.02,1.02,2.0,2.22
2016-08-13,1.2,1.2,1.2,1.2,0.0,0.0
2016-08-14,1.2,1.2,1.2,1.2,0.0,0.0
2016-08-15,1.2,1.2,1.2,1.2,0.0,0.0
2016-08-16,1.2,1.2,1.2,1.2,0.0,0.0
2016-08-17,1.2,1.2,1.2,1.2,0.0,0.0
2016-08-18,1.2,1.2,1.2,1.2,0.0,0.0
2016-08-19,1.2,1.2,1.2,1.2,0.0,0.0
2016-08-20,1.2,1.2,1.2,1.2,0.0,0.0
2016-08-21,1.2,1.2,1.2,1.2,0.0,0.0
2016-08-22,1.2,1.2,1.2,1.2,0.0,0.0
2016-08-23,1.2,1.2,1.2,1.2,0.0,0.0
2016-08-24,1.2,1.2,1.2,1.2,0.0,0.0
2016-08-25,1.099,1.099,1.01,1.01,11.02,11.13
2016-08-26,0.97,1.099,0.97,1.099,0.6386,0.6968
2016-08-27,0.97,0.97,0.97,0.97,0.0,0.0
2016-08-28,0.97,0.97,0.97,0.97,0.0,0.0
2016-08-29,0.97,0.97,0.97,0.97,0.0,0.0
2016-08-30,0.97,0.97,0.97,0.97,0.0,0.0
2016-08-31,0.97,0.97,0.97,0.97,0.0,0.0
2016-09-01,0.97,0.97,0.97,0.97,0.0,0.0
2016-09-02,0.97,0.97,0.97,0.97,0.0,0.0
2016-09-03,0.97,0.97,0.97,0.97,0.0,0.0
2016-09-04,0.97,0.97,0.97,0.97,0.0,0.0
2016-09-05,0.97,0.97,0.97,0.97,0.0,0.0
2016-09-06,0.97,0.97,0.97,0.97,0.0,0.0
2016-09-07,0.97,0.97,0.97,0.97,0.0,0.0
2016-09-08,0.97,0.97,0.97,0.97,0.0,0.0
2016-09-09,0.97,0.97,0.97,0.97,0.0,0.0
2016-09-10,0.97,0.97,0.97,0.97,0.0,0.0
2016-09-11,0.97,0.97,0.97,0.97,0.0,0.0
2016-09-12,0.97,0.97,0.97,0.97,0.0,0.0
2016-09-13,1.01,1.01,0.97,0.97,0.1866,0.1885
2016-09-14,1.01,1.01,1.01,1.01,0.0,0.0
2016-09-15,1.01,1.01,1.01,1.01,0.0,0.0
2016-09-16,1.01,1.01,1.01,1.01,0.0,0.0
2016-09-17,1.01,1.01,1.01,1.01,0.0,0.0
2016-09-18,1.01,1.01,1.01,1.01,0.0,0.0
2016-09-19,1.01,1.01,1.01,1.01,0.0,0.0
2016-09-20,1.01,1.01,1.01,1.01,1.7819999999999998,1.7990000000000002
2016-09-21,1.0,1.01,1.0,1.01,22.84,23.06
2016-09-22,1.0,1.0,1.0,1.0,0.0,0.0
2016-09-23,1.0,1.0,1.0,1.0,0.0,0.0
2016-09-24,1.0,1.0,1.0,1.0,0.0,0.0
2016-09-25,1.0,1.0,1.0,1.0,0.0,0.0
2016-09-26,1.0,1.0,1.0,1.0,0.0,0.0
2016-09-27,1.0,1.0,1.0,1.0,0.0,0.0
2016-09-28,1.0,1.0,1.0,1.0,0.0,0.0
2016-09-29,1.0,1.0,1.0,1.0,0.0,0.0
2016-09-30,1.001,1.001,1.001,1.001,0.4255,0.4259
2016-10-01,1.001,1.001,1.001,1.001,0.0,0.0
2016-10-02,1.001,1.001,1.001,1.001,0.0,0.0
2016-10-03,1.001,1.001,1.001,1.001,0.0,0.0
2016-10-04,1.001,1.001,1.001,1.001,0.0,0.0
2016-10-05,1.001,1.001,1.001,1.001,0.0,0.0
2016-10-06,1.001,1.001,1.001,1.001,0.0,0.0
2016-10-07,1.001,1.001,1.001,1.001,0.0,0.0
2016-10-08,1.001,1.001,1.001,1.001,0.0,0.0
2016-10-09,1.001,1.001,1.001,1.001,0.0,0.0
2016-10-10,1.001,1.001,1.001,1.001,0.0,0.0
2016-10-11,1.001,1.001,1.001,1.001,0.0,0.0
2016-10-12,1.001,1.001,1.001,1.001,0.0,0.0
2016-10-13,1.001,1.016,1.001,1.016,0.6092,0.6126
2016-10-14,1.0,1.001,1.0,1.001,0.4508,0.4512
2016-10-15,1.0,1.0,1.0,1.0,0.0,0.0
2016-10-16,1.0,1.0,1.0,1.0,0.0,0.0
2016-10-17,1.0,1.0,1.0,1.0,0.0,0.0
2016-10-18,1.0,1.0,1.0,1.0,0.0,0.0
2016-10-19,1.0,1.0,1.0,1.0,0.0,0.0
2016-10-20,1.0,1.0,1.0,1.0,0.0,0.0
2016-10-21,1.0,1.0,1.0,1.0,0.0,0.0
2016-10-22,1.0,1.0,1.0,1.0,0.0,0.0
2016-10-23,1.0,1.0,1.0,1.0,0.0,0.0
2016-10-24,1.0,1.0,1.0,1.0,0.0,0.0
2016-10-25,1.0,1.0,1.0,1.0,0.0,0.0
2016-10-26,1.0,1.0,1.0,1.0,0.0,0.0
2016-10-27,1.0,1.0,1.0,1.0,0.0,0.0
2016-10-28,1.0,1.0,1.0,1.0,0.0,0.0
2016-10-29,1.0,1.0,1.0,1.0,0.0,0.0
2016-10-30,1.0,1.0,1.0,1.0,0.0,0.0
2016-10-31,1.0,1.0,1.0,1.0,0.0,0.0
2016-11-01,1.0,1.0,1.0,1.0,0.0,0.0
2016-11-02,1.0,1.0,1.0,1.0,0.0,0.0
2016-11-03,1.0,1.0,1.0,1.0,0.0,0.0
2016-11-04,1.0,1.0,1.0,1.0,0.0,0.0
2016-11-05,1.0,1.0,1.0,1.0,0.0,0.0
2016-11-06,1.0,1.0,1.0,1.0,0.0,0.0
2016-11-07,1.0,1.0,1.0,1.0,0.0,0.0
2016-11-08,1.0,1.0,1.0,1.0,9.527000000000001,9.527000000000001
2016-11-09,1.0,1.0,1.0,1.0,12.25,12.25
2016-11-10,1.0,1.0,1.0,1.0,0.0,0.0
2016-11-11,1.0,1.0,1.0,1.0,0.0,0.0
2016-11-12,1.0,1.0,1.0,1.0,0.0,0.0
2016-11-13,1.0,1.0,1.0,1.0,0.0,0.0
2016-11-14,1.0,1.0,1.0,1.0,0.0,0.0
2016-11-15,1.0,1.0,1.0,1.0,0.0,0.0
2016-11-16,1.0,1.0,1.0,1.0,0.0,0.0
2016-11-17,1.001,1.001,1.001,1.001,13.87,13.88
2016-11-18,1.001,1.001,1.001,1.001,0.0,0.0
2016-11-19,1.001,1.001,1.001,1.001,0.0,0.0
2016-11-20,1.001,1.001,1.001,1.001,0.0,0.0
2016-11-21,1.02,1.02,1.02,1.02,3.909,3.987
2016-11-22,1.03,1.03,1.03,1.03,0.1997,0.2057
2016-11-23,1.03,1.03,1.03,1.03,0.0,0.0
2016-11-24,1.03,1.03,1.03,1.03,0.0,0.0
2016-11-25,1.03,1.03,1.03,1.03,0.0,0.0
2016-11-26,1.03,1.03,1.03,1.03,0.0,0.0
2016-11-27,1.03,1.03,1.03,1.03,0.0,0.0
2016-11-28,1.001,1.03,1.001,1.03,0.5,0.5053
2016-11-29,1.001,1.001,1.001,1.001,0.0,0.0
2016-11-30,1.001,1.001,1.001,1.001,0.0,0.0
2016-12-01,1.001,1.001,1.001,1.001,0.0,0.0
2016-12-02,1.001,1.001,1.001,1.001,0.0,0.0
2016-12-03,1.001,1.001,1.001,1.001,0.0,0.0
2016-12-04,1.001,1.001,1.001,1.001,0.0,0.0
2016-12-05,1.07,1.07,1.07,1.07,0.03503,0.03748
2016-12-06,1.07,1.07,1.07,1.07,0.0,0.0
2016-12-07,1.006,1.06,1.006,1.06,1.7519999999999998,1.8030000000000002
2016-12-08,1.006,1.006,1.006,1.006,0.0,0.0
2016-12-09,1.01,1.01,1.01,1.01,33.87,34.21
2016-12-10,1.01,1.01,1.01,1.01,0.0,0.0
2016-12-11,1.01,1.01,1.01,1.01,0.0,0.0
2016-12-12,1.01,1.01,1.01,1.01,0.0,0.0
2016-12-13,1.01,1.01,1.01,1.01,0.0,0.0
2016-12-14,1.01,1.01,1.01,1.01,0.0,0.0
2016-12-15,1.01,1.01,1.01,1.01,0.0,0.0
2016-12-16,1.01,1.01,1.01,1.01,0.0,0.0
2016-12-17,1.01,1.01,1.01,1.01,0.0,0.0
2016-12-18,1.01,1.01,1.01,1.01,0.0,0.0
2016-12-19,1.01,1.01,1.01,1.01,0.0,0.0
2016-12-20,1.014,1.014,1.014,1.014,0.3566,0.3616
2016-12-21,1.014,1.014,1.014,1.014,10.69,10.84
2016-12-22,1.014,1.014,1.014,1.014,0.0,0.0
2016-12-23,1.014,1.014,1.014,1.014,0.07969,0.0808
2016-12-24,1.014,1.014,1.014,1.014,0.0,0.0
2016-12-25,1.014,1.014,1.014,1.014,0.0,0.0
2016-12-26,1.014,1.014,1.014,1.014,0.0,0.0
2016-12-27,1.014,1.015,1.014,1.015,45.02,45.66
2016-12-28,1.014,1.014,1.014,1.014,0.0,0.0
2016-12-29,1.014,1.014,1.014,1.014,0.0,0.0
2016-12-30,1.014,1.014,1.014,1.014,0.0,0.0
2016-12-31,1.014,1.014,1.014,1.014,0.0,0.0
2017-01-01,1.014,1.014,1.014,1.014,0.0,0.0
2017-01-02,1.015,1.015,1.015,1.015,22.75,23.1
2017-01-03,1.015,1.015,1.015,1.015,0.0,0.0
2017-01-04,1.015,1.015,1.015,1.015,0.0,0.0
2017-01-05,1.015,1.015,1.015,1.015,0.0,0.0
2017-01-06,1.015,1.015,1.015,1.015,0.0,0.0
2017-01-07,1.0,1.015,1.0,1.015,209.0,209.05
2017-01-08,0.98,1.002,0.98,1.002,139.18,139.45
2017-01-09,0.98,0.98,0.98,0.98,0.0,0.0
2017-01-10,0.98,0.98,0.98,0.98,0.0,0.0
2017-01-11,0.98,0.98,0.98,0.98,0.0,0.0
2017-01-12,0.98,0.98,0.98,0.98,0.0,0.0
2017-01-13,0.981,1.01,0.981,1.01,358.54,355.47
2017-01-14,0.982,0.982,0.982,0.982,157.22,154.39
2017-01-15,0.982,0.982,0.982,0.982,0.0,0.0
2017-01-16,0.982,0.982,0.982,0.982,0.0,0.0
2017-01-17,1.002,1.003,1.001,1.003,175.44,175.63
2017-01-18,1.002,1.002,1.002,1.002,0.0,0.0
2017-01-19,1.002,1.002,1.002,1.002,0.0,0.0
2017-01-20,1.002,1.002,1.002,1.002,0.0,0.0
2017-01-21,1.002,1.002,1.002,1.002,0.0,0.0
2017-01-22,1.002,1.002,1.002,1.002,0.0,0.0
2017-01-23,1.002,1.002,1.002,1.002,0.0,0.0
2017-01-24,0.7509999999999999,1.05,0.7509999999999999,1.05,8.939,8.238
2017-01-25,0.951,1.0,0.951,1.0,166.71,161.51
2017-01-26,0.951,1.01,0.951,1.01,1.156,1.163
2017-01-27,0.951,0.951,0.951,0.951,0.0,0.0
2017-01-28,0.951,1.01,0.951,1.01,0.2275,0.2241
2017-01-29,0.951,0.951,0.951,0.951,0.0,0.0
2017-01-30,0.951,0.951,0.951,0.951,0.0,0.0
2017-01-31,0.951,0.951,0.951,0.951,0.0,0.0
2017-02-01,0.951,0.9902,0.951,0.9902,230.24,218.96
2017-02-02,0.951,0.951,0.951,0.951,0.0,0.0
2017-02-03,1.0,1.0,1.0,1.0,15.0,15.0
2017-02-04,1.0,1.0,1.0,1.0,0.0,0.0
2017-02-05,1.0,1.0,1.0,1.0,0.0,0.0
2017-02-06,1.0,1.0,1.0,1.0,0.0,0.0
2017-02-07,0.951,1.0,0.951,1.0,2.278,2.273
2017-02-08,0.951,0.951,0.951,0.951,0.0,0.0
2017-02-09,0.951,0.951,0.951,0.951,0.0,0.0
2017-02-10,0.951,0.951,0.951,0.951,0.0,0.0
2017-02-11,0.951,0.951,0.951,0.951,0.0,0.0
2017-02-12,0.951,0.951,0.951,0.951,0.0,0.0
2017-02-13,0.951,0.951,0.951,0.951,0.0,0.0
2017-02-14,0.951,0.99,0.951,0.99,1.2409999999999999,1.225
2017-02-15,0.951,0.951,0.951,0.951,0.0,0.0
2017-02-16,0.851,0.951,0.851,0.951,1.3530000000000002,1.285
2017-02-17,0.851,0.851,0.851,0.851,0.0,0.0
2017-02-18,0.851,0.851,0.851,0.851,0.0,0.0
2017-02-19,0.851,0.851,0.851,0.851,0.0,0.0
2017-02-20,0.851,0.851,0.851,0.851,0.0,0.0
2017-02-21,0.851,0.851,0.851,0.851,0.0,0.0
2017-02-22,0.851,0.851,0.851,0.851,0.0,0.0
2017-02-23,0.851,0.851,0.851,0.851,0.0,0.0
2017-02-24,0.851,0.851,0.851,0.851,0.0,0.0
2017-02-25,0.851,0.851,0.851,0.851,0.0,0.0
2017-02-26,1.8,1.8,0.851,0.851,498.72,498.32
2017-02-27,1.8,1.8,1.8,1.8,0.0,0.0
2017-02-28,0.9,1.8,0.9,1.8,362.4,329.86
2017-03-01,0.9,0.9,0.9,0.9,0.0,0.0
2017-03-02,0.9,0.95,0.9,0.9,2.799,2.657
2017-03-03,0.9,0.9,0.9,0.9,0.0,0.0
2017-03-04,0.9,0.9,0.9,0.9,0.0,0.0
2017-03-05,0.9990000000000001,0.9990000000000001,0.9,0.9,881.17,880.29
2017-03-06,0.99,1.0,0.99,0.9990000000000001,8.167,8.127
2017-03-07,0.982,0.99,0.981,0.99,12.61,12.42
2017-03-08,0.982,0.982,0.982,0.982,0.0,0.0
2017-03-09,0.982,0.982,0.982,0.982,0.0,0.0
2017-03-10,1.0,1.0,0.982,0.982,4.7139999999999995,4.7139999999999995
2017-03-11,1.0,1.0,0.9953,1.0,4.5569999999999995,4.5569999999999995
2017-03-12,1.0,1.0,1.0,1.0,0.0,0.0
2017-03-13,1.0,1.0,1.0,1.0,192.0,192.0
2017-03-14,1.03,1.03,1.0,1.0,16.98,17.48
2017-03-15,1.03,1.03,1.03,1.03,0.0,0.0
2017-03-16,1.03,1.05,1.03,1.03,32.76,33.75
2017-03-17,1.03,1.03,1.03,1.03,0.0,0.0
2017-03-18,1.001,1.05,1.001,1.03,25.01,26.02
2017-03-19,1.01,1.01,1.001,1.001,232.04,234.23
2017-03-20,1.03,1.03,1.01,1.01,735.69,757.4
2017-03-21,1.03,1.03,1.03,1.03,0.0,0.0
2017-03-22,1.03,1.03,1.03,1.03,0.0,0.0
2017-03-23,1.03,1.03,1.03,1.03,0.0,0.0
2017-03-24,1.023,1.03,1.023,1.03,0.0025629999999999997,0.0026219999999999998
2017-03-25,1.023,1.023,1.023,1.023,0.0,0.0
2017-03-26,1.023,1.023,1.023,1.023,0.3734,0.382
2017-03-27,1.0,1.031,1.0,1.023,824.25,842.69
2017-03-28,1.0,1.0,1.0,1.0,0.0,0.0
2017-03-29,1.022,1.023,1.0,1.0,384.81,393.28
2017-03-30,1.0,1.022,1.0,1.022,1.54,1.54
2017-03-31,1.0,1.05,1.0,1.0,109.22,109.61
2017-04-01,1.0,1.0,1.0,1.0,0.0,0.0
2017-04-02,1.01,1.01,1.0,1.0,138.46,139.85
2017-04-03,1.01,1.01,1.01,1.01,0.0,0.0
2017-04-04,1.01,1.01,1.01,1.01,1.685,1.7009999999999998
2017-04-05,1.01,1.01,1.01,1.01,72.21,72.93
2017-04-06,1.01,1.01,1.01,1.01,266.46,269.13
2017-04-07,1.01,1.01,1.01,1.01,0.0,0.0
2017-04-08,1.01,1.01,1.01,1.01,0.0,0.0
2017-04-09,1.01,1.09,1.01,1.01,7.296,7.414
2017-04-10,1.011,1.011,1.0,1.01,309.26,311.06
2017-04-11,1.0,1.011,1.0,1.011,22.7,22.73
2017-04-12,1.0,1.0,1.0,1.0,3.2260000000000004,3.2260000000000004
2017-04-13,0.9939,0.9954,0.9902,0.9932,204286.97,203177.62
2017-04-14,0.9899,0.996,0.9689,0.9939,71653.49,71233.52
2017-04-15,0.9896,0.9899,0.9676,0.9899,14921.71,14606.63
2017-04-16,0.9515,0.9896,0.9515,0.9896,12510.84,12083.61
2017-04-17,0.9392,0.9698,0.9211,0.9515,38750.74,36836.68
2017-04-18,0.945,0.9628,0.9207,0.9392,39589.06,37244.41
2017-04-19,0.946,0.9549,0.9372,0.945,29074.83,27472.56
2017-04-20,0.9490000000000001,0.9549,0.92,0.946,76607.07,72204.69
2017-04-21,0.9363,0.95,0.9,0.9490000000000001,61474.86,57188.54
2017-04-22,0.915,0.95,0.915,0.9363,118060.05,109900.09
2017-04-23,0.915,0.94,0.9009999999999999,0.915,76510.96,70079.97
2017-04-24,0.915,0.9286,0.9009999999999999,0.915,79092.01,72309.11
2017-04-25,0.904,0.925,0.89,0.915,101386.03,92201.39
2017-04-26,0.9201,0.9367,0.903,0.904,53134.78,48947.96
2017-04-27,0.92,0.937,0.9199,0.9201,47588.0,44257.37
2017-04-28,0.94,0.9649,0.9199,0.92,75782.6,71556.72
2017-04-29,0.9309999999999999,0.9524,0.9309999999999999,0.94,25576.83,24029.85
2017-04-30,0.935,0.9529,0.912,0.9309999999999999,74274.62,69083.36
2017-05-01,0.9156,0.94,0.9151,0.935,34194.88,31706.09
2017-05-02,0.9283,0.94,0.9121,0.9156,57014.23,52798.08
2017-05-03,0.9347,0.948,0.9212,0.9283,76229.59,71397.02
2017-05-04,0.9590000000000001,0.9639,0.9155,0.9347,198890.15,189295.73
2017-05-05,0.9790000000000001,0.98,0.9306,0.9590000000000001,196720.73,190448.43
2017-05-06,0.983,0.9929,0.955,0.9790000000000001,56450.47,55240.12
2017-05-07,0.9281,0.983,0.9279999999999999,0.983,59897.0,57325.17
2017-05-08,0.9711,0.972,0.9281,0.9281,69674.21,66619.36
2017-05-09,0.97,0.978,0.9527,0.9711,462545.38,448674.17
2017-05-10,0.9940000000000001,0.9946,0.965,0.97,253816.64,250072.56
2017-05-11,0.9725,0.9986,0.9475,0.9940000000000001,309235.03,306028.57
2017-05-12,0.9811,0.9928,0.9601,0.9725,34445.04,33532.15
2017-05-13,0.9778,0.9857,0.956,0.9811,29362.37,28409.58
2017-05-14,0.98,0.9886,0.9615,0.9778,82506.04,80883.73
2017-05-15,0.9773,0.992,0.9722,0.98,88547.19,87371.1
2017-05-16,0.9897,0.9898,0.97,0.9773,53771.11,52718.33
2017-05-17,0.9766,0.9897,0.9702,0.9897,25357.37,24808.65
2017-05-18,0.9799,0.9868,0.9703,0.9766,25070.66,24480.67
2017-05-19,0.9983,0.9983,0.9706,0.9799,234108.34,231188.37
2017-05-20,0.99,0.9990000000000001,0.9801,0.9983,200840.76,200037.24
2017-05-21,0.9956,1.0,0.977,0.99,129690.5,128992.65
2017-05-22,1.0,1.0,0.9768,0.9956,309627.44,307824.61
2017-05-23,0.9990000000000001,1.022,0.9827,1.0,207269.9,207223.26
2017-05-24,1.01,1.025,0.9801,0.9990000000000001,387918.95,388272.37
2017-05-25,1.0,1.07,0.9840000000000001,1.01,182766.85,185552.95
2017-05-26,1.024,1.045,1.0,1.0,205353.45,209675.93
2017-05-27,1.0,1.05,1.0,1.02,258272.21,264886.43
2017-05-28,1.0,1.04,1.0,1.004,293179.11,297662.88
2017-05-29,1.04,1.04,1.0,1.0,260204.2,266809.88
2017-05-30,1.02,1.04,1.01,1.04,451564.54,460657.15
2017-05-31,1.06,1.07,1.01,1.02,311727.21,324015.74
2017-06-01,1.04,1.06,1.01,1.06,316035.81,328611.17
2017-06-02,1.03,1.06,1.03,1.04,178294.68,186558.89
2017-06-03,1.03,1.05,1.01,1.03,203340.14,211378.45
2017-06-04,1.02,1.05,1.02,1.03,121687.58,125065.53
2017-06-05,1.02,1.03,1.02,1.02,139532.65,143120.54
2017-06-06,1.01,1.04,1.01,1.02,332063.1,338659.71
2017-06-07,1.02,1.02,1.01,1.01,269602.68,273431.03
2017-06-08,1.01,1.02,1.0,1.02,260225.33,263369.92
2017-06-09,1.0,1.01,0.9990000000000001,1.01,228769.39,229470.07
2017-06-10,1.0,1.02,0.9995,1.0,292824.84,294423.58
2017-06-11,0.9951,1.01,0.9840000000000001,1.0,197151.74,196829.53
2017-06-12,1.0,1.01,0.995,0.9951,485620.78,488226.91
2017-06-13,1.01,1.04,1.0,1.0,432744.61,440198.57
2017-06-14,1.01,1.07,1.01,1.01,390204.79,401588.68
2017-06-15,1.02,1.06,1.01,1.01,536472.5,551179.1
2017-06-16,1.01,1.04,1.01,1.02,309156.06,315407.52
2017-06-17,1.01,1.02,1.01,1.01,149578.74,151164.84
2017-06-18,1.02,1.02,1.01,1.01,295355.19,299594.62
2017-06-19,1.0,1.02,1.0,1.02,194499.25,195628.4
2017-06-20,1.0,1.01,1.0,1.0,134516.73,134903.68
2017-06-21,1.01,1.01,1.0,1.0,354760.36,357079.6
2017-06-22,1.01,1.02,1.0,1.01,755428.21,763538.7
2017-06-23,1.0,1.01,0.9969,1.01,500183.1,501930.2
2017-06-24,1.02,1.02,0.9969,1.0,1061327.65,1073813.39
2017-06-25,1.0,1.02,0.9990000000000001,1.02,283379.09,285830.59
2017-06-26,1.0,1.02,1.0,1.0,734977.75,741941.24
2017-06-27,1.01,1.01,0.993,1.0,1298242.07,1309168.34
2017-06-28,1.02,1.03,1.01,1.01,1560832.03,1591734.76
2017-06-29,1.02,1.03,1.0,1.02,550059.78,558937.07
2017-06-30,1.01,1.03,1.01,1.02,344246.7,348335.25
2017-07-01,1.01,1.03,1.01,1.01,1288896.23,1315015.03
2017-07-02,1.03,1.04,1.01,1.01,644084.09,659896.48
2017-07-03,1.01,1.03,1.01,1.03,500819.06,510492.9
2017-07-04,1.01,1.02,1.01,1.01,394641.36,398953.91
2017-07-05,1.01,1.01,1.01,1.01,648301.17,656443.31
2017-07-06,1.01,1.03,1.01,1.01,553785.0,561314.63
2017-07-07,1.01,1.02,1.01,1.01,608897.4,618645.63
2017-07-08,1.01,1.02,1.01,1.01,314981.14,318486.58
2017-07-09,1.01,1.01,1.01,1.01,232804.64,234529.56
2017-07-10,1.01,1.01,1.0,1.01,988796.21,996358.09
2017-07-11,1.01,1.02,1.0,1.01,921194.06,929586.32
2017-07-12,1.01,1.01,1.0,1.01,820700.18,829594.05
2017-07-13,1.0,1.02,1.0,1.01,1113022.3,1120410.38
2017-07-14,1.0,1.01,1.0,1.0,694652.99,697219.66
2017-07-15,0.9990000000000001,1.01,0.9990000000000001,1.0,1039137.56,1041445.34
2017-07-16,0.99,1.0,0.9803,0.9990000000000001,345220.38,343103.79
2017-07-17,1.0,1.0,0.981,0.99,574486.51,571916.2
2017-07-18,1.0,1.01,0.9943,1.0,873081.5,872809.68
2017-07-19,1.0,1.0,1.0,1.0,525485.35,526701.15
2017-07-20,1.0,1.0,0.9951,1.0,1028928.12,1029967.12
2017-07-21,1.0,1.01,0.9962,1.0,498033.86,498742.86
2017-07-22,0.9976,1.0,0.9969,1.0,285416.05,285143.34
2017-07-23,1.0,1.0,0.9941,0.9976,1015034.88,1014693.34
2017-07-24,0.9969,1.0,0.9951,1.0,632088.42,631866.84
2017-07-25,0.9869,1.0,0.983,0.9969,457263.74,455568.66
2017-07-26,0.9985,1.0,0.9869,0.9869,862761.26,862583.68
2017-07-27,0.9993,1.0,0.9918,0.9985,587242.01,585902.93
2017-07-28,1.0,1.0,0.9966,0.9993,1697804.26,1698094.0
2017-07-29,1.0,1.01,0.9984,1.0,888701.52,891995.5
2017-07-30,1.0,1.01,0.9991,1.0,497542.15,499458.55
2017-07-31,1.0,1.01,1.0,1.0,505386.67,507215.67
2017-08-01,1.0,1.01,0.995,1.0,997883.77,1001076.77
2017-08-02,0.9991,1.0,0.965,1.0,585234.52,582740.69
2017-08-03,0.9931,1.0,0.9902,0.9991,650231.59,649812.55
2017-08-04,1.0,1.0,0.9931,0.9931,410182.79,410079.17
2017-08-05,1.0,1.0,0.9972,1.0,712418.9,712879.47
2017-08-06,1.0,1.0,0.9983,1.0,665392.44,666230.69
2017-08-07,1.0,1.0,0.9972,1.0,901466.81,902343.51
2017-08-08,1.0,1.0,0.9974,1.0,377906.07,378143.32
2017-08-09,1.0,1.0,0.9982,1.0,630305.33,630543.19
2017-08-10,1.0,1.0,0.9985,1.0,532060.13,531951.66
2017-08-11,1.0,1.0,0.98,1.0,1336504.54,1336502.77
2017-08-12,1.01,1.01,1.0,1.0,845479.96,850159.85
2017-08-13,1.0,1.01,1.0,1.01,927460.59,929236.08
2017-08-14,1.0,1.0,0.9844,1.0,808127.62,808288.59
2017-08-15,1.0,1.0,0.9891,1.0,2022858.86,2023363.2
2017-08-16,1.0,1.0,1.0,1.0,496899.24,498051.71
2017-08-17,0.9999,1.0,0.9872,1.0,929632.03,927119.76
2017-08-18,1.0,1.0,0.9902,0.9999,706764.09,706838.44
2017-08-19,1.0,1.01,0.9999,1.0,872341.95,877156.39
2017-08-20,1.0,1.01,1.0,1.0,310516.26,311336.76
2017-08-21,1.01,1.01,1.0,1.0,602647.13,604033.14
2017-08-22,1.01,1.02,1.0,1.01,310738.7,313822.98
2017-08-23,1.01,1.04,1.01,1.01,318873.59,323103.17
2017-08-24,1.01,1.01,1.01,1.01,198693.06,200441.28
2017-08-25,1.01,1.01,1.0,1.01,254835.56,256572.96
2017-08-26,1.01,1.01,1.01,1.01,118497.68,119415.44
2017-08-27,1.0,1.02,1.0,1.01,215899.37,217112.2
2017-08-28,1.0,1.0,1.0,1.0,396443.07,397273.48
2017-08-29,1.01,1.02,1.0,1.0,484287.29,486830.71
2017-08-30,1.0,1.01,1.0,1.01,215578.38,215966.1
2017-08-31,1.0,1.01,1.0,1.0,266591.03,267183.51
2017-09-01,1.01,1.07,1.0,1.0,452305.86,457130.99
2017-09-02,1.02,1.05,1.0,1.01,447315.26,456248.18
2017-09-03,1.02,1.05,1.01,1.02,609537.71,622443.53
2017-09-04,1.04,1.05,1.01,1.02,879418.02,898535.05
2017-09-05,1.02,1.05,1.01,1.04,1321772.52,1361171.09
2017-09-06,1.02,1.04,1.02,1.02,777563.54,797933.7
2017-09-07,1.01,1.02,1.01,1.02,627896.0,637004.56
2017-09-08,1.02,1.03,1.01,1.01,781525.02,794386.49
2017-09-09,1.01,1.02,1.01,1.02,488539.65,495267.61
2017-09-10,1.02,1.03,1.01,1.01,736572.83,750165.63
2017-09-11,1.01,1.02,1.01,1.02,606724.77,613001.98
2017-09-12,1.0,1.02,1.0,1.01,479484.74,482109.2
2017-09-13,1.0,1.01,1.0,1.0,749805.0,753070.0
2017-09-14,1.01,1.01,1.0,1.0,1304474.48,1308909.64
2017-09-15,1.01,1.01,0.9953,1.01,1059664.06,1066064.4
2017-09-16,1.01,1.03,1.0,1.01,790406.54,803128.29
2017-09-17,1.01,1.02,1.0,1.01,405080.17,408516.81
2017-09-18,1.0,1.02,1.0,1.01,654094.46,659776.77
2017-09-19,1.0,1.01,1.0,1.0,471599.18,474067.61
2017-09-20,1.0,1.01,1.0,1.0,669569.09,671429.56
2017-09-21,1.0,1.01,1.0,1.0,608525.27,610321.95
2017-09-22,1.0,1.01,1.0,1.0,298738.14,299669.67
2017-09-23,1.0,1.0,0.9882,1.0,793686.66,790275.72
2017-09-24,0.9998,1.0,0.996,1.0,299956.92,299978.86
2017-09-25,1.0,1.0,0.995,0.9998,986728.69,988069.01
2017-09-26,0.9998,1.01,0.9995,1.0,941940.23,943583.34
2017-09-27,0.9986,1.0,0.992,0.9998,890736.17,890101.08
2017-09-28,0.9979,1.0,0.9952,0.9986,754295.21,753238.28
2017-09-29,0.9984,1.0,0.9939,0.9979,948533.08,946488.59
2017-09-30,0.9998,0.9999,0.9905,0.9984,778999.93,775598.71
2017-10-01,0.9928,0.9998,0.9909,0.9998,559483.26,557335.4
2017-10-02,0.9936,0.9979,0.9906,0.9928,708953.62,705030.51
2017-10-03,0.9998,0.9999,0.9926,0.9936,852914.55,851290.6
2017-10-04,0.9961,1.0,0.993,0.9998,1169596.15,1166412.31
2017-10-05,0.9984,1.0,0.996,0.9961,885436.1,884732.87
2017-10-06,0.9969,0.9999,0.9940000000000001,0.9984,1075153.83,1072183.02
2017-10-07,0.9943,0.9984,0.9933,0.9969,866622.44,863742.03
2017-10-08,0.9954,0.9972,0.9933,0.9943,977290.34,972761.22
2017-10-09,0.997,0.9972,0.9949,0.9954,985421.25,981855.17
2017-10-10,0.9942,0.9972,0.9941,0.997,1095515.37,1091238.12
2017-10-11,0.9962,0.9972,0.993,0.9942,1188173.68,1183421.79
2017-10-12,0.9937,0.9972,0.9904,0.9962,1153794.68,1147929.32
2017-10-13,0.9945,0.9972,0.9915,0.9937,1214407.26,1208150.67
2017-10-14,0.9958,0.998,0.9921,0.9945,911593.49,907613.12
2017-10-15,0.9992,1.0,0.9952,0.9958,710448.54,710503.12
2017-10-16,0.9924,1.0,0.9805,0.9992,749899.25,748033.15
2017-10-17,1.0,1.0,0.9874,0.9924,1617830.14,1616189.98
2017-10-18,1.0,1.01,0.9997,1.0,363763.04,365338.19
2017-10-19,0.9989,1.01,0.9989,1.0,569620.15,570542.3
2017-10-20,0.993,1.0,0.993,0.9999,340841.72,340389.29
2017-10-21,0.9901,0.9940000000000001,0.9901,0.993,1066.07,1057.6
2017-10-22,0.9901,0.9951,0.9901,0.9901,83.65,82.89
2017-10-23,1.02,1.04,0.9901,0.9901,1255.43,1248.88
2017-10-24,1.0,1.02,0.9911,1.02,1562.61,1560.39
2017-10-25,1.0,1.0,1.0,1.0,7.984,7.984
2017-10-26,1.0,1.0,1.0,1.0,76.73,76.73
2017-10-27,0.9971,1.03,0.98,0.9940000000000001,6614.16,6566.91
2017-10-28,1.0,1.02,0.99,0.9971,5076.52,5075.19
2017-10-29,0.9717,1.01,0.9672,1.0,11009.17,10850.76
2017-10-30,0.977,0.9989,0.96,0.9717,571853.58,571207.67
2017-10-31,0.9786,0.985,0.975,0.977,1287072.9,1286898.15
2017-11-01,0.9947,0.9990000000000001,0.975,0.9786,1360427.76,1361876.13
2017-11-02,0.9891,1.0,0.9774,0.9947,411283.89,413251.08
2017-11-03,0.9878,1.02,0.9752,0.9891,576665.99,578696.2
2017-11-04,0.9827,0.9975,0.98,0.9878,913265.01,917074.03
2017-11-05,0.9843,0.995,0.9752,0.9827,668283.22,669967.81
2017-11-06,1.0,1.0,0.981,0.9843,839564.95,843856.4
2017-11-07,0.9992,1.01,0.9925,1.0,387027.53,389240.55
2017-11-08,0.9999,1.0,0.9752,0.9992,812956.94,816093.06
2017-11-09,0.9881,0.9999,0.9805,0.9999,861730.49,867054.45
2017-11-10,0.9973,0.9999,0.981,0.9881,1429823.82,1436604.37
2017-11-11,0.9992,1.02,0.9938,0.9973,967601.75,972512.79
2017-11-12,1.0,1.05,0.981,0.9992,1031460.15,1040776.05
2017-11-13,1.01,1.03,0.9901,1.0,582032.12,585920.8
2017-11-14,1.01,1.02,0.9999,1.01,298493.4,302414.75
2017-11-15,1.01,1.02,0.9990000000000001,1.01,841155.4,846715.52
2017-11-16,0.9852,1.01,0.9851,1.01,1287078.17,1286750.34
2017-11-17,0.9997,1.0,0.9831,0.9852,705709.96,704270.34
2017-11-18,0.9986,1.01,0.9902,0.9997,762683.54,762608.79
2017-11-19,0.9938,1.0,0.9888,0.9983,893506.25,891711.33
2017-11-20,0.9941,0.9989,0.9029,0.9938,1022101.53,1009100.77
2017-11-21,0.9807,0.9967,0.9611,0.9939,706862.09,697151.52
2017-11-22,0.9982,1.0,0.9789,0.9807,855800.97,852262.53
2017-11-23,0.9948,0.9989,0.9801,0.9982,352023.72,350360.93
2017-11-24,0.9907,1.0,0.9863,0.9948,642846.75,640533.79
2017-11-25,0.9957,0.9974,0.9781,0.9907,298813.39,296856.04
2017-11-26,0.9947,0.9999,0.9824,0.9957,542213.92,539906.45
2017-11-27,0.9963,1.0,0.9727,0.9924,539676.82,537489.48
2017-11-28,0.9924,0.9963,0.9765,0.9963,591242.41,584862.17
2017-11-29,0.9982,0.9986,0.9624,0.9924,1691827.64,1677778.84
2017-11-30,1.0,1.02,0.9906,0.9982,1707216.14,1718519.01
2017-12-01,1.01,1.03,0.9917,1.0,495801.17,499320.38
2017-12-02,0.9956,1.01,0.9828,1.01,1023440.46,1021002.16
2017-12-03,0.9978,0.998,0.9841,0.9955,1344825.44,1338614.93
2017-12-04,1.0,1.0,0.9864,0.9976,2949421.63,2951729.49
2017-12-05,1.0,1.0,0.9851,1.0,1769501.33,1770218.8
2017-12-06,1.01,1.03,0.9967,1.0,2537082.68,2552299.08
2017-12-07,1.02,1.09,1.0,1.01,1839323.93,1881037.66
2017-12-08,1.01,1.05,0.9990000000000001,1.02,713819.16,727451.36
2017-12-09,1.0,1.02,0.9893,1.01,574930.09,577740.62
2017-12-10,1.0,1.06,1.0,1.0,1026740.33,1036975.68
2017-12-11,1.01,1.02,1.0,1.0,967199.23,976315.55
2017-12-12,1.02,1.02,0.9969,1.01,1163185.66,1176787.07
2017-12-13,1.0,1.06,0.9932,1.02,1278932.91,1300508.24
2017-12-14,1.0,1.03,1.0,1.0,937485.19,948754.07
2017-12-15,1.0,1.02,0.9990000000000001,1.0,1294099.18,1303153.58
2017-12-16,1.01,1.01,1.0,1.0,945456.36,950694.81
2017-12-17,0.9963,1.01,0.9905,1.01,1687485.63,1686728.75
2017-12-18,0.9984,1.01,0.9959,0.9963,2212522.93,2216577.58
2017-12-19,1.01,1.03,0.9911,0.9983,2298860.45,2310225.07
2017-12-20,0.995,1.02,0.9914,1.01,1992590.55,1994729.08
2017-12-21,0.996,1.01,0.9727,0.995,1887840.16,1874027.35
2017-12-22,1.02,1.04,0.9856,0.996,3577803.52,3605542.52
2017-12-23,1.03,1.04,1.01,1.02,2700359.32,2780292.89
2017-12-24,1.02,1.06,1.01,1.03,4029468.96,4166702.46
2017-12-25,1.01,1.03,1.0,1.02,3545625.46,3582285.32
2017-12-26,1.0,1.02,1.0,1.01,3002653.93,3033215.51
2017-12-27,1.01,1.03,0.9977,1.0,1893983.71,1905757.27
2017-12-28,1.02,1.03,1.0,1.01,5163794.08,5257404.82
2017-12-29,1.02,1.06,1.01,1.02,1855015.02,1891615.8
2017-12-30,1.02,1.49,1.02,1.02,4235414.16,4373808.9
2017-12-31,1.02,1.11,1.02,1.02,1043043.31,1069474.26
2018-01-01,1.01,1.04,1.01,1.02,1683652.53,1715852.04
2018-01-02,1.02,1.08,1.01,1.01,1107617.94,1131588.44
2018-01-03,1.01,1.07,1.01,1.02,1458436.18,1482490.73
2018-01-04,1.02,1.05,1.01,1.01,2341103.0,2379249.95
2018-01-05,1.01,1.09,1.0,1.02,3090350.8,3124166.69
2018-01-06,1.01,1.01,0.9978,1.01,1918052.3,1927362.24
2018-01-07,1.0,1.07,0.9962,1.01,1308770.23,1312223.86
2018-01-08,1.01,1.18,0.977,1.0,2610494.19,2600107.3
2018-01-09,1.01,1.08,1.0,1.01,2424223.26,2447594.94
2018-01-10,1.0,1.11,1.0,1.01,3106202.89,3131962.09
2018-01-11,1.12,1.13,1.0,1.01,1396153.95,1416533.17
2018-01-12,1.11,1.15,1.09,1.12,68273.85,76682.1
2018-01-13,1.1,1.14,1.09,1.11,136057.89,151452.45
2018-01-14,1.01,1.11,1.01,1.1,1143456.8,1163227.87
2018-01-15,1.0,1.02,1.0,1.01,6734199.04,6780362.72
2018-01-16,1.03,1.05,1.0,1.01,8574321.04,8765535.54
2018-01-17,1.02,1.05,1.0,1.03,11654145.93,11893081.59
2018-01-18,1.03,1.1,1.01,1.02,4705920.4,4843224.9
2018-01-19,1.02,1.1,1.02,1.03,7270191.31,7448966.74
2018-01-20,1.02,1.02,1.01,1.02,3229243.19,3277828.32
2018-01-21,1.01,1.03,1.01,1.02,2410754.92,2440899.5
2018-01-22,1.01,1.02,1.0,1.01,4407131.8,4453447.59
2018-01-23,1.01,1.09,1.0,1.01,6038247.31,6075808.67
2018-01-24,1.01,1.01,1.0,1.01,4912236.32,4945396.9
2018-01-25,1.0,1.05,0.9976,1.01,5039087.24,5056943.65
2018-01-26,1.0,1.01,0.9991,1.0,3211846.87,3221604.84
2018-01-27,0.9955,1.06,0.9955,1.0,4971124.39,4984530.32
2018-01-28,0.9811,0.9979,0.9359,0.9955,5546391.37,5449833.73
2018-01-29,0.9915,1.03,0.9456,0.9809,6308453.1,6222315.72
2018-01-30,0.9811,1.0,0.9755,0.9919,14235157.9,14079741.43
2018-01-31,0.9858,0.9995,0.9774,0.9811,6068453.06,5990777.96
2018-02-01,0.9793,1.02,0.97,0.9857,11838269.4,11669274.54
2018-02-02,0.9896,0.9915,0.9404,0.9794,10493783.1,10276161.23
2018-02-03,0.9941,1.05,0.9825,0.9896,3826430.47,3788215.47
2018-02-04,0.9941,1.05,0.9864,0.9941,3145038.02,3130698.72
2018-02-05,0.9859,1.0,0.9847,0.9940000000000001,7772544.55,7707958.06
2018-02-06,1.0,1.01,0.9725,0.9859,10362640.54,10291666.98
2018-02-07,0.9998,1.01,0.9958,1.0,3477425.47,3491846.36
2018-02-08,0.9990000000000001,1.03,0.9964,0.9998,1847633.86,1848120.05
2018-02-09,1.0,1.04,0.9985,0.9993,1816693.55,1820878.65
2018-02-10,1.0,1.01,1.0,1.0,3089887.95,3101388.93
2018-02-11,1.0,1.02,0.9986,1.0,2615525.51,2621961.22
2018-02-12,1.0,1.02,0.9988,1.0,1583444.07,1585990.54
2018-02-13,1.01,1.03,0.9988,1.0,1603110.5,1605763.34
2018-02-14,1.0,1.02,0.9999,1.01,1952742.77,1957221.56
2018-02-15,1.0,1.02,1.0,1.0,2431004.03,2440612.62
2018-02-16,1.0,1.02,1.0,1.0,1800177.81,1805880.25
2018-02-17,1.01,1.02,1.0,1.0,1448394.28,1453998.33
2018-02-18,1.01,1.03,1.0,1.01,3528794.32,3552063.12
2018-02-19,1.0,1.02,1.0,1.01,1773640.35,1781389.18
2018-02-20,1.0,1.02,1.0,1.0,4792479.86,4801362.02
2018-02-21,1.0,1.01,0.9976,1.0,5074863.83,5085306.27
2018-02-22,1.0,1.02,0.9992,1.0,3856304.21,3863265.2
2018-02-23,1.0,1.01,1.0,1.0,2823322.32,2827524.86
2018-02-24,1.0,1.03,1.0,1.0,2373410.21,2379342.56
2018-02-25,1.0,1.03,1.0,1.0,2899385.36,2907091.63
2018-02-26,1.0,1.03,1.0,1.0,4477442.51,4489668.4
2018-02-27,1.0,1.02,1.0,1.0,1330738.61,1332950.15
2018-02-28,1.0,1.03,0.9999,1.0,2089372.55,2092152.63
2018-03-01,0.9999,1.02,0.9988,1.0,3756611.31,3759437.9
2018-03-02,1.0,1.02,0.9995,0.9999,870729.07,871206.47
2018-03-03,1.0,1.02,0.9993,1.0,967141.92,967982.56
2018-03-04,1.02,1.02,1.0,1.0,1041313.78,1042329.21
2018-03-05,1.0,1.02,1.0,1.02,2797034.18,2799074.22
2018-03-06,1.0,1.01,0.9998,1.0,2805468.49,2805590.07
2018-03-07,1.0,1.02,0.9999,1.0,2511762.54,2515551.76
2018-03-08,1.0,1.05,1.0,1.0,5192953.45,5209047.46
2018-03-09,1.0,1.03,1.0,1.0,2725945.8,2734339.16
2018-03-10,1.0,1.03,1.0,1.0,1224119.71,1227370.93
2018-03-11,1.0,1.05,1.0,1.0,1054927.97,1059831.98
2018-03-12,1.0,1.03,1.0,1.0,1137273.82,1139400.05
2018-03-13,1.0,1.03,0.9986,1.0,2070040.65,2073117.81
2018-03-14,1.0,1.03,0.9954,1.0,1889836.05,1892209.43
2018-03-15,1.0,1.05,0.992,1.0,4331731.78,4336134.47
2018-03-16,1.0,1.03,0.997,1.0,1312478.41,1313165.84
2018-03-17,1.0,1.04,0.9933,1.0,988555.85,988425.93
2018-03-18,0.9973,1.02,0.9924,1.0,2737946.4,2737224.0
2018-03-19,1.0,1.02,0.9905,0.9973,2055489.14,2055557.89
2018-03-20,1.0,1.02,0.9977,1.0,1840646.17,1841796.47
2018-03-21,1.0,1.03,0.9929,1.0,1046982.18,1046300.67
2018-03-22,1.0,1.02,0.9998,1.0,1141711.13,1142731.72
2018-03-23,1.0,1.02,0.9985,1.0,1516989.94,1517920.21
2018-03-24,1.0,1.02,0.9988,1.0,714691.61,715335.02
2018-03-25,1.0,1.03,0.9993,1.0,654766.24,655580.47
2018-03-26,1.0,1.03,0.9996,1.0,1278414.19,1280608.82
2018-03-27,1.0,1.04,0.9994,1.0,1553647.18,1557749.48
2018-03-28,1.0,1.04,0.9994,1.0,764187.48,764850.69
2018-03-29,0.9978,1.03,0.9954,1.0,2985603.68,2981501.95
2018-03-30,1.03,1.03,0.9935,0.9978,2566732.47,2560505.9
2018-03-31,1.03,1.03,0.9962,1.03,355367.37,355371.87
2018-04-01,1.0,1.03,0.9938,1.03,1982199.12,1978557.7
2018-04-02,1.0,1.02,0.9976,1.0,634829.59,635249.56
2018-04-03,1.0,1.03,0.9962,1.0,1218859.46,1219944.58
2018-04-04,1.0,1.03,0.9959,1.0,1775856.85,1775666.54
2018-04-05,1.0,1.03,0.9973,1.0,950060.71,950535.99
2018-04-06,1.0,1.02,0.9976,1.0,1049839.45,1049589.82
2018-04-07,1.0,1.02,0.9974,1.0,3048938.4,3054242.24
2018-04-08,0.9993,1.02,0.9963,1.0,1575708.22,1577167.29
2018-04-09,1.0,1.02,0.9986,0.9993,906465.2,906916.24
2018-04-10,1.01,1.02,0.9985,1.0,444552.47,444592.3
2018-04-11,0.9998,1.02,0.9985,1.01,795109.78,795424.0
2018-04-12,0.9995,1.01,0.9951,0.9998,2491972.53,2490308.53
2018-04-13,1.0,1.01,0.9985,0.9995,2861186.77,2862586.15
2018-04-14,1.0,1.01,0.9998,1.0,808041.89,808917.84
2018-04-15,1.0,1.01,0.9984,1.0,757600.56,757899.07
2018-04-16,0.9999,1.01,0.9983,1.0,1965422.65,1966771.76
2018-04-17,0.9992,1.01,0.9988,0.9999,1088078.53,1088526.55
2018-04-18,0.9998,1.01,0.9984,0.9992,950996.51,950999.95
2018-04-19,1.0,1.0,0.9991,0.9998,685989.84,686058.91
2018-04-20,1.0,1.0,0.9984,1.0,1620249.16,1621172.27
2018-04-21,1.0,1.0,0.9985,1.0,951103.56,953039.87
2018-04-22,1.0,1.0,0.996,1.0,689137.07,690998.45
2018-04-23,1.0,1.0,0.9984,1.0,745430.05,747230.69
2018-04-24,1.0,1.0,0.9997,1.0,2192587.1,2195015.91
2018-04-25,1.0,1.0,0.9961,1.0,3576365.84,3579119.96
2018-04-26,1.0,1.01,0.9972,1.0,3627511.28,3633601.29
2018-04-27,1.0,1.0,0.9902,1.0,2078023.37,2078950.88
2018-04-28,0.9917,1.0,0.9917,1.0,1662378.4,1663350.7
2018-04-29,1.0,1.0,0.9916,0.9917,1953209.17,1954528.59
2018-04-30,1.0,1.0,0.9972,1.0,1670855.28,1671477.4
2018-05-01,1.0,1.01,0.9998,1.0,1769401.81,1770388.7
2018-05-02,0.9995,1.0,0.9939,1.0,2389218.55,2389300.01
2018-05-03,0.9833,0.9998,0.9812,0.9995,3617706.48,3614121.05
2018-05-04,0.9904,1.0,0.9833,0.9833,4630046.97,4624792.44
2018-05-05,0.9927,0.9996,0.9791,0.9904,1701493.0,1695803.52
2018-05-06,0.9935,0.9989,0.9801,0.9927,1105712.37,1097299.45
2018-05-07,0.9993,1.01,0.9890000000000001,0.9935,2042822.24,2038379.76
2018-05-08,1.0,1.01,0.9959,0.9993,5932638.15,5934641.03
2018-05-09,0.9984,1.0,0.9975,1.0,3611111.71,3610177.4
2018-05-10,0.9990000000000001,1.0,0.9984,0.9984,5796751.7,5796542.15
2018-05-11,0.9996,1.01,0.9990000000000001,0.9990000000000001,1793844.52,1793977.24
2018-05-12,1.0,1.02,0.9993,0.9996,1105646.23,1106680.38
2018-05-13,1.0,1.02,0.9999,1.0,530597.47,531304.23
2018-05-14,0.9996,1.01,0.9943,1.0,1095111.47,1095233.14
2018-05-15,0.9988,1.01,0.9964,0.9996,1514635.18,1514675.88
2018-05-16,1.0,1.01,0.9988,0.9988,1585212.11,1586757.24
2018-05-17,1.0,1.0,0.9979,1.0,840530.94,841086.22
2018-05-18,0.9979,1.0,0.9943,1.0,2147526.12,2146190.86
2018-05-19,0.9981,1.0,0.9951,0.9979,1050376.55,1050182.89
2018-05-20,0.9998,1.0,0.9945,0.9981,439679.97,439532.76
2018-05-21,0.9985,1.0,0.9936,0.9998,1783482.92,1781863.4
2018-05-22,1.0,1.0,0.99,0.9985,1872369.75,1861481.97
2018-05-23,1.0,1.0,0.995,1.0,1317254.9,1315998.41
2018-05-24,0.9997,1.01,0.9907,1.0,1230425.47,1229731.3
2018-05-25,1.01,1.01,0.9983,0.9998,984961.98,985120.53
2018-05-26,0.9989,1.01,0.9988,1.01,997318.49,997822.82
2018-05-27,0.9991,1.01,0.9988,0.9990000000000001,416757.99,416584.5
2018-05-28,1.0,1.01,0.9982,0.9991,713239.45,713192.31
2018-05-29,0.9983,1.01,0.9964,1.0,1627113.71,1627638.89
2018-05-30,0.9987,1.01,0.9952,0.9983,1839872.85,1836731.86
2018-05-31,0.9987,1.0,0.9962,0.9987,582792.46,582290.66
2018-06-01,0.9988,1.0,0.9955,0.9987,396625.16,396330.01
2018-06-02,0.9998,1.0,0.9937,0.9988,2009681.48,2007955.81
2018-06-03,0.9976,1.0,0.9959,0.9998,1223829.35,1223737.37
2018-06-04,0.9988,1.0,0.9935,0.9976,862304.99,861089.6
2018-06-05,0.9993,1.0,0.9971,0.9988,1157411.33,1156886.07
2018-06-06,0.9972,1.0,0.9951,0.9993,1752542.72,1750663.9
2018-06-07,0.9987,1.0,0.9962,0.9972,1509456.32,1509056.2
2018-06-08,0.9989,1.0,0.9976,0.9987,281415.48,281222.11
2018-06-09,0.9983,1.0,0.9964,0.9989,208028.86,207874.95
2018-06-10,1.0,1.02,0.9982,0.9983,1383434.89,1383884.82
2018-06-11,1.0,1.02,0.9972,1.0,1379268.44,1379292.56
2018-06-12,1.0,1.01,0.9991,1.0,1147586.8,1149218.47
2018-06-13,1.0,1.02,0.9982,1.0,1477201.13,1477458.51
2018-06-14,1.0,1.01,0.9997,1.0,2915335.3,2918601.91
2018-06-15,1.0,1.01,0.9998,1.0,2696415.38,2701722.32
2018-06-16,1.01,1.02,0.9987,1.0,517231.91,517568.27
2018-06-17,1.0,1.02,0.9990000000000001,1.01,756937.8,757085.63
2018-06-18,1.01,1.02,0.9982,1.0,1160742.45,1161253.65
2018-06-19,1.0,1.01,0.9986,1.01,1189849.62,1190337.47
2018-06-20,0.9991,1.01,0.9988,1.0,1126780.52,1126530.6
2018-06-21,0.9998,1.0,0.9959,0.9991,1123796.0,1125068.06
2018-06-22,1.01,1.02,0.9985,0.9998,1918580.95,1922973.73
2018-06-23,1.0,1.02,1.0,1.01,551728.99,553118.07
2018-06-24,1.0,1.02,1.0,1.0,1993608.93,1998469.48
2018-06-25,1.0,1.01,0.9988,1.0,1933878.07,1935554.9
2018-06-26,1.0,1.01,0.9992,1.0,1308823.95,1312396.14
2018-06-27,1.0,1.0,0.9991,1.0,1467093.56,1468516.7
2018-06-28,0.9984,1.0,0.9983,1.0,2494702.36,2493888.76
2018-06-29,1.0,1.01,0.9983,0.9990000000000001,1027632.01,1030078.89
2018-06-30,0.9987,1.01,0.9956,1.0,1394342.24,1396951.51
2018-07-01,0.9981,1.0,0.993,0.9987,414443.12,414720.37
2018-07-02,0.9981,1.01,0.9926,0.9981,1064927.2,1065491.8
2018-07-03,0.9991,1.0,0.995,0.9981,782707.79,782772.24
2018-07-04,0.9986,1.0,0.9963,0.9991,1037098.93,1041340.56
2018-07-05,1.0,1.01,0.9977,0.9986,564913.08,566867.8
2018-07-06,0.9986,1.01,0.9981,1.0,932216.54,939057.72
2018-07-07,0.9995,1.01,0.9937,0.9986,583762.0,589820.2
2018-07-08,1.0,1.0,0.9957,0.9995,306556.98,307940.26
2018-07-09,0.9991,1.01,0.9985,1.0,662413.03,666184.32
2018-07-10,1.0,1.01,0.9956,0.9991,881495.55,888151.41
2018-07-11,1.0,1.02,0.9967,1.0,882902.38,958149.75
2018-07-12,0.9991,1.01,0.9979,1.0,1203462.91,1215079.2
2018-07-13,1.0,1.02,0.9981,0.9991,1049216.46,1114651.08
2018-07-14,0.9995,1.01,0.9953,1.0,1810514.88,1958385.62
2018-07-15,0.9996,1.01,0.9974,0.9995,1483019.45,1616223.96
2018-07-16,0.9990000000000001,1.01,0.9903,0.9996,3841644.27,4398735.07
2018-07-17,0.9993,1.0,0.9936,0.9990000000000001,2193450.33,2531694.88
2018-07-18,0.9988,1.0,0.9937,0.9993,4353388.8,4526090.19
2018-07-19,0.9999,1.0,0.9952,0.9988,1855201.52,2048418.86
2018-07-20,0.9982,1.0,0.9961,0.9999,1480689.1,1587675.95
2018-07-21,0.9999,1.01,0.9948,0.9982,573973.05,699651.64
2018-07-22,0.9988,1.0,0.9938,0.9999,2541864.22,2842686.7
2018-07-23,0.9977,1.0,0.9961,0.9988,2430745.3,2760315.38
2018-07-24,0.9984,1.0,0.9845,0.9977,2104985.03,2476599.93
2018-07-25,0.9945,0.9999,0.9932,0.9984,1660651.06,1789317.82
2018-07-26,0.9984,0.9996,0.9926,0.9946,1729852.35,2268350.53
2018-07-27,0.998,1.0,0.9956,0.9984,2122642.3,3235135.49
2018-07-28,0.9995,1.0,0.9933,0.998,436348.49,743124.84
2018-07-29,0.9997,1.0,0.9946,0.9995,3197572.25,3347004.49
2018-07-30,1.0,1.0,0.9966,0.9997,1025721.56,1355785.55
2018-07-31,1.0,1.0,0.9369,1.0,1677700.56,2055638.34
2018-08-01,0.9996,1.0,0.9971,1.0,1414026.61,2131189.79
2018-08-02,0.9986,1.01,0.9971,0.9996,889693.75,1127562.43
2018-08-03,1.0,1.01,0.9956,0.9986,1792857.69,2011962.53
2018-08-04,1.0,1.01,0.9856,1.0,643619.81,769420.37
2018-08-05,1.0,1.01,0.9963,1.0,1262078.61,1300583.95
2018-08-06,0.9973,1.01,0.9963,1.0,902032.58,1206938.82
2018-08-07,1.0,1.0,0.9887,0.9973,1204121.08,1444626.45
2018-08-08,1.0,1.01,0.9893,1.0,2886345.8,3221979.69
2018-08-09,0.9992,1.01,0.9908,1.0,2518227.68,2750267.22
2018-08-10,1.0,1.01,0.9983,0.9992,2017347.65,2386920.8
2018-08-11,1.0,1.02,0.9971,1.0,1069444.15,1188897.13
2018-08-12,1.01,1.02,0.9983,1.0,305160.87,366034.27
2018-08-13,1.0,1.01,0.9982,1.01,2979658.31,3180048.11
2018-08-14,1.0,1.01,0.9987,1.0,2457107.42,2611123.75
2018-08-15,1.0,1.01,0.9999,1.0,1099954.9,1321775.66
2018-08-16,0.9996,1.0,0.9976,1.0,1606193.83,1724797.64
2018-08-17,0.9998,1.01,0.9963,0.9996,910310.71,979259.98
2018-08-18,1.0,1.01,0.9986,0.9997,609931.56,677489.6
2018-08-19,1.0,1.0,1.0,1.0,238857.78,276305.57
2018-08-20,1.0,1.01,0.9988,1.0,1088415.0,1175951.24
2018-08-21,0.9997,1.02,0.9989,1.0,515670.32,613045.16
2018-08-22,0.9996,1.01,0.9959,0.9997,2104337.23,2180320.68
2018-08-23,0.9998,1.01,0.9988,0.9996,819345.91,848174.67
2018-08-24,0.9978,1.01,0.9963,0.9998,671916.72,769545.26
2018-08-25,1.0,1.01,0.9968,0.9978,226279.33,288508.73
2018-08-26,0.9952,1.01,0.9952,1.0,440287.7,453436.01
2018-08-27,0.9998,1.0,0.9951,0.9952,1556988.49,1615215.63
2018-08-28,0.9987,1.01,0.9889,0.9998,3345545.93,3445978.06
2018-08-29,0.9986,1.0,0.9966,0.9987,1695422.02,1769836.37
2018-08-30,0.9982,1.0,0.9967,0.9986,1487270.31,1544847.72
2018-08-31,1.0,1.01,0.9922,0.9982,2822156.14,2868117.22
2018-09-01,0.9981,1.0,0.9961,1.0,1973069.79,2080093.82
2018-09-02,0.9986,1.0,0.9922,0.9981,1882944.1,1912377.62
2018-09-03,0.9984,1.0,0.9909,0.9986,562737.3,621767.29
2018-09-04,0.9968,1.0,0.9929,0.9984,2397131.31,2414188.38
2018-09-05,0.9964,1.0,0.9935,0.9968,6137925.69,6212987.52
2018-09-06,1.0,1.01,0.9953,0.9964,2557153.68,2716119.32
2018-09-07,1.0,1.01,0.9974,1.0,3061317.89,3120712.43
2018-09-08,1.0,1.02,0.9975,1.0,830706.49,923106.22
2018-09-09,1.0,1.02,0.9972,1.0,1806828.04,1839159.48
2018-09-10,1.0,1.01,0.9941,1.0,1074688.22,1188692.26
2018-09-11,0.9982,1.01,0.9951,1.0,1541017.69,1900868.72
2018-09-12,0.9988,1.01,0.9913,0.9983,3779349.99,3871309.38
2018-09-13,1.0,1.01,0.9957,0.9988,3017919.57,3135646.45
2018-09-14,0.9996,1.01,0.9969,1.0,2081817.55,2116452.72
2018-09-15,1.0,1.01,0.9971,0.9994,429222.94,481955.76
2018-09-16,1.0,1.01,0.9954,1.0,408689.11,457994.68
2018-09-17,0.9985,1.01,0.995,1.0,1047772.07,1078062.48
2018-09-18,0.9979,1.01,0.9893,0.9985,2175516.33,2256178.6
2018-09-19,0.9994,1.01,0.9933,0.9979,1015465.39,1063306.79
2018-09-20,0.9991,1.0,0.9961,0.9994,2703343.05,2724105.67
2018-09-21,0.9976,1.0,0.9951,0.9991,2052638.92,2099887.09
2018-09-22,0.9985,1.0,0.9937,0.9985,904327.9,933203.93
2018-09-23,1.0,1.0,0.9949,0.9985,406638.69,431524.79
2018-09-24,0.9984,1.01,0.9926,1.0,1214900.09,1283292.08
2018-09-25,0.9988,1.0,0.9966,0.9984,1203016.26,1229483.85
2018-09-26,0.9976,1.0,0.9975,0.9988,3222851.22,3248824.63
2018-09-27,0.9978,0.9999,0.9933,0.9976,2901741.03,2989453.86
2018-09-28,0.9990000000000001,1.0,0.9954,0.9978,1818096.01,1865594.81
2018-09-29,0.9997,1.0,0.9928,0.9990000000000001,908971.31,951355.97
2018-09-30,0.997,1.0,0.9935,0.9997,449736.86,500712.52
2018-10-01,0.9947,1.0,0.991,0.997,1649282.42,1663781.73
2018-10-02,0.9915,1.0,0.9538,0.9947,2668174.25,2739698.24
2018-10-03,0.9922,1.02,0.9890000000000001,0.9915,2500584.18,2638433.59
2018-10-04,0.9935,1.01,0.9907,0.9922,2085903.92,2177050.01
2018-10-05,0.9921,1.01,0.9902,0.9935,1900707.78,1995155.83
2018-10-06,0.9936,1.0,0.991,0.9921,794459.57,822987.64
2018-10-07,0.9938,1.01,0.9915,0.9936,650875.12,655709.46
2018-10-08,0.9907,1.0,0.9871,0.9938,2378666.03,2497819.74
2018-10-09,0.9888,1.0,0.9885,0.9907,1492197.48,1652243.94
2018-10-10,0.983,1.0,0.9817,0.9888,1572877.12,1596229.18
2018-10-11,0.982,0.9948,0.9707,0.983,6940388.97,6870375.38
2018-10-12,0.9815,0.9887,0.9721,0.982,3837540.94,3805992.61
2018-10-13,0.9805,0.9923,0.9775,0.9815,2742217.12,2763340.64
2018-10-14,0.9732,0.9931,0.9673,0.9805,3673771.72,3675513.23
2018-10-15,0.9559,0.9933,0.8612,0.9732,33011488.78,31377162.04
2018-10-16,0.9538,0.9786,0.9423,0.9559,14299438.38,13665523.87
2018-10-17,0.9574,0.9705,0.951,0.9538,4673890.2,4487320.4
2018-10-18,0.9648,0.9716,0.9516,0.9574,6000746.76,5790002.42
2018-10-19,0.9738,0.9777,0.9568,0.9648,2830155.33,2783314.93
2018-10-20,0.9731,0.9908,0.9703,0.9738,2221633.05,2224235.84
2018-10-21,0.9775,0.9919,0.9696,0.9732,2544437.52,2537893.28
2018-10-22,0.9734,0.9861,0.9667,0.9775,2398544.02,2343458.09
2018-10-23,0.9772,0.9801,0.9708,0.9734,3204546.87,3122461.43
2018-10-24,0.9775,0.9937,0.9618,0.9772,1731712.04,1687074.63
2018-10-25,0.9774,0.991,0.9731,0.9775,2597095.53,2536902.58
2018-10-26,0.9795,0.9926,0.9761,0.9774,3775682.24,3696089.25
2018-10-27,0.99,1.0,0.9785,0.9795,10530785.18,10396282.27
2018-10-28,0.9906,0.9925,0.9876,0.99,18526644.78,18337010.21
2018-10-29,0.9868,0.9925,0.9825,0.9906,9922128.77,9810683.8
2018-10-30,0.9934,0.9962,0.9858,0.9868,16656593.86,16507341.33
2018-10-31,0.993,0.9967,0.9873,0.9934,9642347.25,9577906.87
2018-11-01,0.9913,1.0,0.9877,0.993,3957882.64,3929330.52
2018-11-02,0.9891,1.0,0.9882,0.9913,3082657.22,3057098.53
2018-11-03,0.9933,1.01,0.9884,0.9891,1211439.28,1203025.84
2018-11-04,0.9914,1.01,0.9891,0.9933,1644334.82,1631243.99
2018-11-05,0.992,0.9998,0.9881,0.9914,1940938.98,1923735.63
2018-11-06,0.9939,0.9987,0.9869,0.9976,2572118.35,2545102.47
2018-11-07,0.9947,0.9977,0.9819,0.9939,5916692.54,5861034.92
2018-11-08,0.9895,0.9956,0.9882,0.9947,5464069.94,5406795.26
2018-11-09,0.9869,0.9966,0.9862,0.9895,3690191.8,3648257.83
2018-11-10,0.9878,0.9986,0.9856,0.9869,2699033.14,2666923.69
2018-11-11,0.9865,1.0,0.9852,0.9878,3191927.29,3155076.43
2018-11-12,0.9802,0.9953,0.9802,0.9865,5755326.93,5664312.91
2018-11-13,0.9691,0.9909,0.9690000000000001,0.9802,4313512.75,4203168.66
2018-11-14,0.95,0.9804,0.9413,0.9691,12685403.25,12241391.35
2018-11-15,0.9703,0.9798,0.9496,0.95,14554689.72,14077890.92
2018-11-16,0.9762,0.9851,0.9702,0.9703,10041869.35,9840370.81
2018-11-17,0.9797,0.9949,0.9761,0.9762,9633134.23,9471378.05
2018-11-18,0.9848,0.9931,0.9779,0.9797,7603668.62,7486800.37
2018-11-19,0.9635,0.995,0.9635,0.9848,16953473.81,16664650.17
2018-11-20,0.9568,0.9734,0.9315,0.9635,17971286.88,17229913.34
2018-11-21,0.9745,0.9767,0.955,0.9568,8160693.95,7907302.32
2018-11-22,0.9776,0.9903,0.9709,0.9738,5246426.32,5115350.11
2018-11-23,0.9702,0.9776,0.9691,0.9776,5489308.15,5338996.45
2018-11-24,0.9635,0.9804,0.9587,0.9702,8097102.18,7815815.45
2018-11-25,0.9623,0.9727,0.9465,0.9633,9504267.78,9155934.4
2018-11-26,0.9654,0.9721,0.9540000000000001,0.9623,6553111.72,6320004.75
2018-11-27,0.9711,0.9751,0.9639,0.9654,5755738.96,5583955.99
2018-11-28,0.9889,0.9902,0.9698,0.9711,13298710.33,13058295.22
2018-11-29,0.9887,0.9949,0.9839,0.9889,5663401.02,5605829.56
2018-11-30,0.985,0.9925,0.9798,0.9887,2881850.8,2841306.85
2018-12-01,0.9874,1.01,0.981,0.985,2316765.35,2286612.64
2018-12-02,0.9836,1.01,0.9823,0.9875,1223823.53,1205795.8
2018-12-03,0.9868,1.02,0.981,0.9836,1968322.96,1938558.76
2018-12-04,0.9876,1.02,0.9844,0.9868,3032181.8,2998139.94
2018-12-05,0.9825,1.02,0.9799,0.9876,2242273.73,2207767.13
2018-12-06,0.9802,0.9884,0.9796,0.9825,2818704.11,2773705.47
2018-12-07,0.9931,0.9971,0.9801,0.9802,8455032.96,8375599.2
2018-12-08,0.9962,0.9996,0.988,0.9931,3634369.08,3614928.69
2018-12-09,0.9946,1.02,0.9919,0.9962,1493412.5,1486911.73
2018-12-10,0.9955,1.03,0.9922,0.9946,1256447.93,1251813.26
2018-12-11,0.9915,1.03,0.9871,0.9955,2373027.99,2351936.53
2018-12-12,0.9949,0.9978,0.9893,0.9915,1971828.06,1958439.79
2018-12-13,0.9882,1.02,0.9864,0.9949,6496141.14,6459780.26
2018-12-14,0.9916,1.02,0.986,0.9882,2352644.97,2328113.96
2018-12-15,0.9903,1.02,0.9874,0.9916,1012642.72,1003367.03
2018-12-16,0.9916,1.02,0.988,0.9903,1201901.19,1190224.91
2018-12-17,0.997,1.02,0.9882,0.9916,3499529.16,3484303.28
2018-12-18,1.0,1.0,0.9945,0.997,5517802.58,5511402.74
2018-12-19,1.0,1.01,0.9973,1.0,5062490.58,5080816.75
2018-12-20,1.01,1.01,1.0,1.0,8704361.05,8761038.95
2018-12-21,1.0,1.02,0.9996,1.01,4054757.76,4070315.1
2018-12-22,1.01,1.01,0.9989,1.0,2534578.62,2542226.99
2018-12-23,1.0,1.01,1.0,1.01,1434555.15,1444351.96
2018-12-24,1.01,1.01,1.0,1.0,4386531.75,4422568.28
2018-12-25,1.01,1.01,1.0,1.01,2246082.36,2263535.5
2018-12-26,1.01,1.02,1.01,1.01,1206599.64,1217876.76
2018-12-27,1.01,1.01,1.0,1.01,2466519.1,2483060.07
2018-12-28,1.01,1.02,1.0,1.01,7080499.57,7149591.39
2018-12-29,1.01,1.02,1.01,1.01,3449514.24,3490557.01
2018-12-30,1.01,1.01,1.0,1.01,2259031.59,2275335.55
2018-12-31,0.9992,1.01,0.9992,1.01,2669484.58,2683310.4
2019-01-01,1.01,1.01,0.9971,0.9992,1346324.83,1348807.38
2019-01-02,1.01,1.02,1.0,1.01,5239173.7,5273469.48
2019-01-03,1.01,1.01,1.0,1.01,4621746.09,4648178.03
2019-01-04,1.01,1.01,1.0,1.01,5735608.9,5758542.86
2019-01-05,1.01,1.02,1.0,1.01,3085854.15,3111428.74
2019-01-06,1.01,1.02,1.0,1.01,4468194.39,4501806.98
2019-01-07,1.01,1.01,1.01,1.01,2542255.88,2565398.79
2019-01-08,1.01,1.01,1.01,1.01,8522044.41,8580629.33
2019-01-09,1.01,1.01,1.0,1.01,9267454.66,9323573.08
2019-01-10,1.01,1.01,1.0,1.01,12940961.27,13056258.73
2019-01-11,1.01,1.01,1.0,1.01,17342564.88,17489990.41
2019-01-12,1.01,1.01,1.01,1.01,3087145.01,3115885.38
2019-01-13,1.01,1.04,1.01,1.01,4023203.57,4059421.42
2019-01-14,1.01,1.01,1.01,1.01,12141425.05,12245719.09
2019-01-15,1.01,1.01,1.01,1.01,11080315.79,11167236.81
2019-01-16,1.0,1.01,1.0,1.01,7959534.76,7996978.06
2019-01-17,1.01,1.01,1.0,1.0,10338609.08,10373498.91
2019-01-18,1.0,1.01,1.0,1.01,5155411.34,5179275.93
2019-01-19,1.0,1.03,1.0,1.0,5826090.64,5850794.35
2019-01-20,1.0,1.02,0.9973,1.0,1954257.91,1956840.37
2019-01-21,1.0,1.02,0.9995,1.0,1435290.55,1437658.43
2019-01-22,1.0,1.01,1.0,1.0,2678419.39,2667388.12
2019-01-23,1.0,1.03,1.0,1.0,2196928.22,2201315.17
2019-01-24,1.0,1.0,0.9987,1.0,1754826.74,1756077.4
2019-01-25,0.9988,1.01,0.9979,1.0,1162378.48,1162110.7
2019-01-26,0.9994,1.03,0.9966,0.9988,402060.95,402294.02
2019-01-27,0.9956,1.03,0.9941,0.9994,676730.05,675298.25
2019-01-28,0.9995,1.01,0.9947,0.9956,2130048.38,2125515.99
2019-01-29,0.9957,1.0,0.9946,0.9995,2256698.6,2251765.79
2019-01-30,0.9939,1.01,0.9932,0.9957,2599557.48,2588994.15
2019-01-31,0.9944,0.9973,0.9916,0.9939,3405343.39,3382932.24
2019-02-01,0.9925,0.995,0.987,0.9944,2044443.02,2028020.44
2019-02-02,0.9898,1.01,0.9896,0.9925,726070.03,719999.31
2019-02-03,0.9882,1.01,0.9873,0.9898,990330.73,979312.48
2019-02-04,0.9856,0.9895,0.9849,0.9882,1278927.15,1261739.34
2019-02-05,0.9882,0.9903,0.9848,0.9856,2225661.14,2199372.61
2019-02-06,0.9885,0.9964,0.9862,0.9882,3308011.18,3275253.19
2019-02-07,0.9886,0.9962,0.987,0.9885,1938725.47,1915726.29
2019-02-08,0.9897,0.9935,0.9861,0.9886,6893729.63,6818845.11
2019-02-09,0.9893,0.9909,0.9877,0.9897,1757615.5,1739176.17
2019-02-10,0.9922,0.9925,0.9885,0.9893,1678361.59,1662364.4
2019-02-11,0.9883,0.9931,0.9873,0.9922,2764376.59,2734929.52
2019-02-12,0.9885,0.9939,0.9856,0.9883,2450621.1,2421495.66
2019-02-13,0.9893,1.0,0.9879,0.9885,2116588.31,2095092.94
2019-02-14,0.9903,0.9919,0.9888,0.9893,4372782.95,4330460.54
2019-02-15,0.9903,0.9928,0.9889,0.9903,2767081.32,2742482.55
2019-02-16,0.9903,1.0,0.9898,0.9903,1874847.65,1857168.62
2019-02-17,0.9891,0.9908,0.9877,0.9903,2905587.49,2872759.16
2019-02-18,0.9924,1.0,0.9857,0.9891,5583035.3,5534615.92
2019-02-19,0.9915,0.9972,0.9893,0.9924,2950820.44,2930765.78
2019-02-20,0.9914,0.9969,0.943,0.9915,3717729.83,3695792.79
2019-02-21,0.9899,0.9938,0.9897,0.9914,2525417.41,2502399.24
2019-02-22,0.9929,0.9949,0.9892,0.9899,3285582.09,3259205.11
2019-02-23,0.9985,0.9999,0.9917,0.9929,4354571.46,4334490.79
2019-02-24,0.9978,1.0,0.9934,0.9985,4476407.79,4462266.29
2019-02-25,0.9969,0.9981,0.9924,0.9978,4907904.48,4877576.56
2019-02-26,0.9971,0.9987,0.9898,0.9969,2475881.2,2463667.39
2019-02-27,0.9949,0.9975,0.9925,0.9971,3739340.34,3722927.25
2019-02-28,0.9948,0.9979,0.9935,0.9949,2726169.51,2712974.33
2019-03-01,0.9953,0.9961,0.9922,0.9948,3134519.45,3117046.22
2019-03-02,0.9975,0.998,0.9941,0.9953,670267.26,667852.14
2019-03-03,0.9944,1.02,0.9942,0.9975,1407694.64,1401597.9
2019-03-04,0.9963,0.9982,0.9935,0.9944,3108761.0,3094987.23
2019-03-05,0.997,0.9981,0.9945,0.9963,5781076.5,5761652.42
2019-03-06,0.9962,0.9978,0.9948,0.997,3158091.9,3147260.04
2019-03-07,0.9955,0.997,0.9935,0.9962,2144912.59,2136146.57
2019-03-08,0.9938,1.01,0.9931,0.9955,1513703.71,1505500.98
2019-03-09,0.9947,1.01,0.9928,0.9938,2309795.14,2295117.57
2019-03-10,0.9957,0.9998,0.9941,0.9947,567483.47,565036.91
2019-03-11,1.01,1.02,0.9933,0.9957,4691488.69,4722229.89
2019-03-12,1.01,1.02,0.9999,1.01,4490832.53,4525507.55
2019-03-13,1.0,1.01,0.9947,1.01,3289237.22,3299284.66
2019-03-14,1.0,1.02,0.995,1.0,5903274.2,5924406.44
2019-03-15,1.01,1.01,0.9934,1.0,5034542.87,5055669.25
2019-03-16,1.01,1.02,0.9935,1.01,6339988.19,6384836.89
2019-03-17,1.01,1.02,0.9957,1.01,1647944.57,1662431.48
2019-03-18,1.01,1.02,0.9954,1.01,4373332.67,4404535.29
2019-03-19,1.01,1.02,0.9953,1.01,4047582.64,4080317.02
2019-03-20,1.01,1.02,0.9966,1.01,5418360.94,5472338.69
2019-03-21,1.0,1.02,0.9969,1.01,9573107.94,9594557.83
2019-03-22,1.01,1.01,0.9978,1.0,6268688.57,6296825.04
2019-03-23,1.0,1.01,0.9962,1.01,2617568.2,2627465.35
2019-03-24,1.0,1.01,0.9995,1.0,2428429.97,2437353.21
2019-03-25,1.01,1.01,0.9971,1.0,5782249.01,5813857.62
2019-03-26,1.01,1.01,0.9954,1.01,3602476.55,3625075.49
2019-03-27,1.0,1.01,0.9974,1.01,4802079.43,4805764.77
2019-03-28,1.0,1.01,0.9969,1.0,4174772.43,4186529.35
2019-03-29,1.0,1.01,0.9981,1.0,5476527.13,5487176.18
2019-03-30,1.01,1.02,0.9975,1.0,2426452.27,2436584.19
2019-03-31,1.0,1.01,0.998,1.01,2536578.82,2539892.47
2019-04-01,1.0,1.01,0.9967,1.0,5134730.9,5141484.17
2019-04-02,1.01,1.02,1.0,1.0,19133745.77,19376366.2
2019-04-03,1.01,1.02,1.01,1.01,26409368.68,26657197.93
2019-04-04,1.0,1.01,1.0,1.01,12396732.81,12466639.61
2019-04-05,1.01,1.01,1.0,1.0,7430193.09,7465472.01
2019-04-06,1.01,1.01,1.0,1.01,4639571.0,4682231.26
2019-04-07,1.01,1.01,1.01,1.01,5245903.99,5276902.11
2019-04-08,1.01,1.02,1.01,1.01,21481379.42,21687023.91
2019-04-09,1.01,1.01,1.01,1.01,23832649.56,24047945.65
2019-04-10,1.0,1.01,1.0,1.01,22856895.63,23008598.06
2019-04-11,1.01,1.01,1.0,1.0,17396021.73,17485505.22
2019-04-12,1.0,1.01,1.0,1.01,14826269.53,14904454.47
2019-04-13,1.01,1.01,1.0,1.0,2427953.78,2441416.9
2019-04-14,1.01,1.01,1.0,1.01,2815501.71,2833772.44
2019-04-15,1.0,1.01,1.0,1.01,9798123.41,9845194.22
2019-04-16,1.01,1.01,1.0,1.0,9068104.16,9100734.31
2019-04-17,1.0,1.01,1.0,1.01,7536980.76,7577304.68
2019-04-18,1.01,1.01,1.0,1.0,4542949.71,4566656.95
2019-04-19,1.01,1.01,1.0,1.01,5483412.8,5510506.95
2019-04-20,1.01,1.01,1.0,1.01,2274073.5,2287880.68
2019-04-21,1.01,1.01,1.0,1.01,6226826.02,6264624.56
2019-04-22,1.01,1.01,1.0,1.01,11316109.97,11388808.08
2019-04-23,1.01,1.01,1.0,1.01,14588816.26,14671319.28
2019-04-24,1.01,1.01,1.0,1.01,23045579.32,23173121.92
2019-04-25,0.9894,1.01,0.9841,1.01,23456879.18,23433766.96
2019-04-26,0.9967,1.0,0.9774,0.9894,25129196.69,24916590.34
2019-04-27,1.01,1.02,0.98,0.9967,8824604.34,8847217.81
2019-04-28,0.9823,1.03,0.975,1.01,10217941.84,10106996.19
2019-04-29,1.02,1.03,0.9742,0.9823,11430713.21,11524080.37
2019-04-30,1.02,1.04,0.9990000000000001,1.02,16033662.06,16218600.35
2019-05-01,1.01,1.05,0.9875,1.02,7956842.77,8042849.19
2019-05-02,1.01,1.05,0.9813,1.01,6622814.2,6756011.18
2019-05-03,1.02,1.04,0.9837,1.01,10730905.12,10911994.43
2019-05-04,1.01,1.05,0.9959,1.02,5563145.56,5607297.37
2019-05-05,1.03,1.05,0.9909,1.01,4419145.15,4514486.53
2019-05-06,1.02,1.05,0.9885,1.03,8081565.42,8211185.39
2019-05-07,1.02,1.05,0.9912,1.02,15634948.97,16078351.94
2019-05-08,1.01,1.04,0.9961,1.02,6698594.08,6774346.1
2019-05-09,1.01,1.03,0.9992,1.01,9081040.09,9173020.43
2019-05-10,1.0,1.01,0.9939,1.01,13643343.47,13702586.96
2019-05-11,1.0,1.2,0.9987,1.0,30910612.39,30971501.94
2019-05-12,1.0,1.01,0.9961,1.0,26002514.1,26030870.45
2019-05-13,0.9992,1.01,0.997,1.0,45589057.62,45618176.8
2019-05-14,0.9968,1.0,0.9937,0.9992,33568114.78,33480784.03
2019-05-15,0.9992,1.0,0.9962,0.9968,18833942.57,18842767.81
2019-05-16,0.9994,1.0,0.9959,0.9992,17915440.73,17907821.05
2019-05-17,1.0,1.01,0.9925,0.9994,21324273.12,21355353.04
2019-05-18,1.0,1.01,1.0,1.0,6748480.65,6765157.5
2019-05-19,1.0,1.01,1.0,1.0,14571031.85,14618096.84
2019-05-20,1.01,1.01,1.0,1.0,13931750.7,13961009.88
2019-05-21,1.0,1.01,1.0,1.01,11733189.13,11782094.48
2019-05-22,0.9999,1.0,0.9983,1.0,12677528.59,12700279.2
2019-05-23,1.0,1.0,0.9994,0.9999,8229515.76,8238527.76
2019-05-24,1.0,1.01,1.0,1.0,12035983.01,12084049.35
2019-05-25,1.0,1.01,1.0,1.0,12943495.25,12995868.08
2019-05-26,1.01,1.01,1.0,1.0,25780952.24,25958902.54
2019-05-27,1.0,1.01,1.0,1.01,18335980.03,18477591.35
2019-05-28,1.0,1.0,1.0,1.0,9583400.49,9614555.92
2019-05-29,1.0,1.0,1.0,1.0,15821243.6,15857412.87
2019-05-30,1.0,1.0,0.9994,1.0,25490627.26,25522797.58
2019-05-31,0.9989,1.0,0.996,1.0,18579539.03,18560523.13
2019-06-01,1.0,1.0,0.9977,0.9989,9306045.45,9311754.86
2019-06-02,1.0,1.0,0.9999,1.0,7685390.21,7697159.44
2019-06-03,0.9987,1.0,0.9965,1.0,17161002.21,17153930.54
2019-06-04,0.9993,1.0,0.9958,0.9987,17372135.81,17340341.94
2019-06-05,1.0,1.0,0.9988,0.9993,10866759.34,10878254.83
2019-06-06,1.0,1.01,1.0,1.0,8570712.25,8585473.68
2019-06-07,1.0,1.0,1.0,1.0,10547651.94,10572612.81
2019-06-08,1.0,1.0,1.0,1.0,2708466.08,2715900.96
2019-06-09,1.0,1.0,1.0,1.0,7005694.48,7024141.91
2019-06-10,1.003,1.004,1.0,1.0,9073371.0,9096946.47
2019-06-11,1.003,1.004,1.002,1.003,10196076.71,10225098.36
2019-06-12,1.003,1.005,1.002,1.003,24272370.78,24357949.63
2019-06-13,1.002,1.005,1.002,1.003,15133727.02,15175141.62
2019-06-14,1.004,1.004,1.001,1.002,14288677.52,14323740.09
2019-06-15,1.004,1.005,1.003,1.004,12306478.93,12353806.63
2019-06-16,1.002,1.006,1.001,1.004,22064471.65,22149676.02
2019-06-17,1.004,1.004,1.001,1.002,15567860.79,15616265.46
2019-06-18,1.0,1.004,0.9991,1.004,13536171.34,13556082.9
2019-06-19,1.003,1.003,1.0,1.0,8362233.82,8377014.35
2019-06-20,1.003,1.004,1.002,1.003,12850786.15,12889951.96
2019-06-21,1.004,1.004,1.001,1.003,14272744.05,14310667.44
2019-06-22,1.0,1.004,0.9974,1.004,28538807.29,28605086.39
2019-06-23,0.9978,1.002,0.9963,1.0,12445189.23,12431644.13
2019-06-24,0.9985,1.001,0.9968,0.9978,13009532.57,12993575.49
2019-06-25,0.9955,1.0,0.9955,0.9985,16821442.26,16786704.74
2019-06-26,0.9866,0.9983,0.9825,0.9955,50401879.68,49987153.25
2019-06-27,0.9881,0.9951,0.9858,0.9866,36535296.09,36161355.87
2019-06-28,0.9928,0.9961,0.9852,0.9881,29879612.19,29570078.22
2019-06-29,0.9992,0.9995,0.9911,0.9928,16539524.85,16434043.91
2019-06-30,0.9938,1.001,0.9918,0.9992,11783867.36,11734458.55
2019-07-01,1.001,1.002,0.9929,0.9938,14414142.34,14393654.99
2019-07-02,1.002,1.004,0.9964,1.001,16887190.61,16905622.47
2019-07-03,1.002,1.003,0.9981,1.002,25045097.84,25087233.76
2019-07-04,1.001,1.004,1.001,1.002,18960132.12,19008794.91
2019-07-05,1.002,1.003,0.9982,1.001,10781628.86,10799755.59
2019-07-06,1.003,1.005,1.002,1.002,19377806.23,19453794.97
2019-07-07,1.003,1.005,1.0,1.003,15531796.58,15573013.85
2019-07-08,1.004,1.005,1.003,1.003,22748395.7,22845455.36
2019-07-09,1.002,1.004,1.0,1.004,15952133.71,15994494.28
2019-07-10,0.9986,1.003,0.9981,1.002,16934685.07,16933187.28
2019-07-11,1.0,1.002,0.9983,0.9986,13983192.6,13984913.35
2019-07-12,1.002,1.003,0.9987,1.0,7881484.65,7893920.37
2019-07-13,0.998,1.003,0.996,1.002,13148057.63,13136247.45
2019-07-14,1.0,1.001,0.9957,0.998,11045514.92,11029514.92
2019-07-15,0.9986,1.002,0.9985,1.0,9597819.18,9605264.61
2019-07-16,1.0,1.001,0.9971,0.9986,17343889.57,17330790.27
2019-07-17,1.001,1.002,0.9989,1.0,9801436.12,9812613.83
2019-07-18,1.002,1.003,0.9993,1.001,11530113.73,11541404.19
2019-07-19,1.002,1.003,1.0,1.002,7827006.18,7838836.27
2019-07-20,1.001,1.002,1.0,1.002,9501020.64,9513164.8
2019-07-21,0.9996,1.002,0.9976,1.001,6539363.85,6536872.65
2019-07-22,0.9986,1.001,0.9974,0.9996,6587044.2,6577835.53
2019-07-23,0.9991,1.0,0.9972,0.9986,7465386.68,7455604.07
2019-07-24,0.9999,1.001,0.9983,0.9991,7532119.7,7529894.02
2019-07-25,1.001,1.002,0.9999,0.9999,8171801.12,8178581.81
2019-07-26,1.001,1.004,1.0,1.001,8369812.03,8375779.45
2019-07-27,0.9992,1.003,0.9964,1.001,20592538.19,20592185.39
2019-07-28,0.9990000000000001,1.003,0.9959,0.9992,9687581.05,9669998.3
2019-07-29,0.9983,0.9994,0.9962,0.9990000000000001,6309695.09,6296718.94
2019-07-30,1.001,1.003,0.9981,0.9983,7988017.24,7986855.58
2019-07-31,1.001,1.003,0.9998,1.001,8999537.55,9009994.41
2019-08-01,1.002,1.003,1.0,1.001,6235941.54,6242291.58
2019-08-02,1.0,1.002,1.0,1.002,7735784.47,7741224.91
2019-08-03,1.001,1.003,0.9998,1.0,4894762.76,4898468.58
2019-08-04,1.002,1.003,1.001,1.001,6920185.2,6929698.5
2019-08-05,1.0,1.002,0.9999,1.002,11627214.3,11640198.81
2019-08-06,0.9994,1.002,0.9986,1.0,12132098.02,12134020.16
2019-08-07,1.0,1.001,0.9985,0.9994,8024455.53,8020484.36
2019-08-08,1.001,1.002,0.9981,1.0,13001496.9,13013972.22
2019-08-09,1.001,1.002,0.9983,1.001,12864105.68,12870863.37
2019-08-10,0.9992,1.002,0.9972,1.001,9397602.49,9392971.93
2019-08-11,1.0,1.004,0.9985,0.9992,2791997.13,2790949.94
2019-08-12,0.9999,1.002,0.9981,1.0,3115995.93,3113622.39
2019-08-13,1.0,1.001,0.9972,0.9999,4103957.61,4100322.12
2019-08-14,1.0,1.001,0.9973,1.0,6658884.17,6651798.83
2019-08-15,1.001,1.002,0.9982,1.0,10171742.33,10173034.55
2019-08-16,1.002,1.003,0.9996,1.001,7975458.52,7984794.34
2019-08-17,1.002,1.012,1.001,1.002,2448615.04,2454507.45
2019-08-18,1.002,1.011,1.001,1.002,1954794.9,1958490.05
2019-08-19,1.002,1.015,1.001,1.002,5269760.88,5279906.79
2019-08-20,1.001,1.003,1.0,1.002,3580834.94,3585685.78
2019-08-21,1.001,1.003,0.9988,1.001,6512981.29,6513601.12
2019-08-22,1.001,1.006,0.9987,1.001,5848514.47,5844445.14
2019-08-23,1.002,1.004,1.001,1.001,7700249.04,7711083.1
2019-08-24,1.003,1.0190000000000001,0.9997,1.002,3139578.12,3146516.31
2019-08-25,1.001,1.011,1.0,1.003,4357069.11,4363809.15
2019-08-26,1.0,1.003,0.9997,1.001,7498475.36,7507436.48
2019-08-27,1.001,1.0090000000000001,0.9997,1.0,3531209.89,3533222.83
2019-08-28,1.001,1.014,0.9982,1.001,7298234.45,7301799.53
2019-08-29,1.003,1.006,1.001,1.001,7298823.46,7308418.83
2019-08-30,1.002,1.024,1.0,1.003,4024078.45,4031378.67
2019-08-31,1.002,1.0270000000000001,1.001,1.002,3754927.59,3763002.14
2019-09-01,1.003,1.016,1.002,1.002,5794552.98,5806726.85
2019-09-02,1.002,1.005,1.0,1.003,10194287.12,10213412.82
2019-09-03,1.002,1.003,1.0,1.002,5038080.56,5045276.16
2019-09-04,1.002,1.004,1.0,1.002,4587692.92,4595583.06
2019-09-05,1.002,1.013,1.001,1.002,4106668.69,4114505.36
2019-09-06,1.002,1.004,1.0,1.002,12352840.58,12372524.52
2019-09-07,1.003,1.01,1.001,1.002,3867494.76,3875437.01
2019-09-08,1.003,1.006,1.002,1.003,2390234.0,2398823.85
2019-09-09,1.002,1.0090000000000001,1.001,1.003,4942901.78,4952831.3
2019-09-10,1.003,1.005,1.001,1.002,2981748.47,2987561.37
2019-09-11,1.003,1.0290000000000001,1.0,1.003,2725481.37,2731646.09
2019-09-12,1.002,1.0070000000000001,1.002,1.003,4394483.11,4404408.87
2019-09-13,1.002,1.012,1.001,1.002,6061227.56,6074657.8
2019-09-14,1.003,1.0090000000000001,1.001,1.002,2518768.24,2525881.58
2019-09-15,1.004,1.014,1.002,1.003,1870790.38,1876886.7
2019-09-16,1.003,4.7010000000000005,1.002,1.004,7639703.8,8330900.39
2019-09-17,1.002,1.004,1.001,1.003,4963395.0,4972469.3
2019-09-18,1.001,1.004,1.0,1.002,5294485.23,5300616.94
2019-09-19,1.003,1.004,1.0,1.001,10458650.44,10476542.39
2019-09-20,1.002,1.006,0.9999,1.003,4174367.31,4185289.62
2019-09-21,1.003,1.013,1.002,1.002,4364822.18,4375601.29
2019-09-22,1.002,1.0070000000000001,1.001,1.003,3184234.57,3191281.9
2019-09-23,1.001,1.006,1.0,1.002,5599221.79,5604094.0
2019-09-24,1.003,1.0170000000000001,0.9983,1.001,28431856.75,28537416.23
2019-09-25,1.003,1.005,1.002,1.003,10702132.81,10736428.4
2019-09-26,1.005,1.005,1.001,1.003,6667218.74,6688042.85
2019-09-27,1.004,1.011,1.002,1.005,9042614.25,9077171.27
2019-09-28,1.003,1.0090000000000001,1.002,1.004,7473427.72,7499967.71
2019-09-29,1.004,1.005,1.003,1.003,4732170.51,4750742.97
2019-09-30,1.005,1.006,1.003,1.004,9719462.63,9758736.44
2019-10-01,1.005,1.008,1.004,1.005,5545218.17,5573027.28
2019-10-02,1.005,1.01,1.004,1.005,4504641.84,4526525.6
2019-10-03,1.005,1.01,1.004,1.005,3018845.63,3034268.2
2019-10-04,1.006,1.01,1.003,1.005,3206199.21,3220649.53
2019-10-05,1.018,1.031,1.003,1.006,2040363.59,2051719.39
2019-10-06,1.005,1.035,1.004,1.018,3233728.88,3249639.49
2019-10-07,1.004,1.034,1.003,1.005,6129662.98,6155297.62
2019-10-08,1.003,1.005,1.003,1.004,4767659.32,4785422.6
2019-10-09,1.003,1.005,1.002,1.003,9742524.1,9767363.5
2019-10-10,1.003,1.004,1.002,1.003,5477456.93,5490887.72
2019-10-11,1.003,1.013,1.001,1.003,6781907.5,6799775.42
2019-10-12,1.004,1.008,1.002,1.003,1574711.66,1580631.99
2019-10-13,1.002,1.0270000000000001,1.002,1.004,2872860.53,2881141.17
2019-10-14,1.002,1.006,1.001,1.002,3256578.24,3263132.73
2019-10-15,1.003,1.025,1.002,1.002,3426930.42,3437129.11
2019-10-16,1.003,1.025,1.001,1.003,4353587.6,4363734.48
2019-10-17,1.006,1.013,1.001,1.003,3287741.38,3298680.84
2019-10-18,1.005,1.01,1.003,1.006,4434040.42,4452655.49
2019-10-19,1.006,1.013,1.004,1.005,3663350.4,3681541.37
2019-10-20,1.01,1.033,1.005,1.006,1643973.62,1656613.4
2019-10-21,1.004,1.015,1.003,1.01,3628284.56,3644765.16
2019-10-22,1.004,1.008,1.003,1.004,3930715.44,3947363.44
2019-10-23,1.004,1.0290000000000001,1.003,1.004,7590483.16,7619002.7
2019-10-24,1.005,1.0290000000000001,1.003,1.004,4840032.81,4861023.32
2019-10-25,1.004,1.0390000000000001,1.003,1.005,8443689.62,8484512.25
2019-10-26,1.005,1.006,1.002,1.004,14174819.85,14232136.16
2019-10-27,1.003,1.005,1.003,1.005,5446098.32,5464262.37
2019-10-28,1.002,1.005,1.002,1.003,7330661.76,7357297.79
2019-10-29,1.003,1.004,1.002,1.002,4027023.63,4037028.36
2019-10-30,1.004,1.004,1.002,1.003,6838952.13,6860987.22
2019-10-31,1.004,1.004,1.003,1.004,8562483.19,8585279.64
2019-11-01,1.003,1.004,1.002,1.004,7480808.42,7503687.97
2019-11-02,1.003,1.01,1.001,1.003,4730426.41,4745517.15
2019-11-03,1.003,1.005,1.002,1.003,2607652.0,2615264.84
2019-11-04,1.003,1.004,1.002,1.003,7746362.74,7766428.2
2019-11-05,1.002,1.004,1.001,1.003,5261506.44,5271608.29
2019-11-06,1.001,1.005,1.001,1.002,3607363.45,3613291.34
2019-11-07,1.001,1.002,0.9997,1.001,6302616.16,6303356.72
2019-11-08,1.001,1.001,0.9988,1.001,9539043.97,9536985.13
2019-11-09,1.002,1.002,0.9998,1.001,2981640.34,2985963.29
2019-11-10,1.003,1.004,1.001,1.002,3387646.26,3395789.43
2019-11-11,1.001,1.004,1.001,1.003,3589412.07,3597318.96
2019-11-12,1.001,1.004,1.0,1.001,4185078.77,4188681.24
2019-11-13,1.001,1.004,1.0,1.001,4461533.97,4464618.17
2019-11-14,1.001,1.004,0.9989,1.001,4665335.28,4666752.63
2019-11-15,1.002,1.003,1.0,1.001,4964484.91,4969120.4
2019-11-16,1.003,1.0070000000000001,1.001,1.002,3964200.64,3974238.72
2019-11-17,1.004,1.006,1.003,1.003,3333326.77,3344615.73
2019-11-18,1.001,1.0090000000000001,1.0,1.004,6214053.76,6222554.16
2019-11-19,1.003,1.006,1.0,1.001,4720137.84,4728110.92
2019-11-20,1.003,1.008,1.0,1.003,3927253.37,3936900.11
2019-11-21,1.003,1.0070000000000001,1.001,1.003,8515303.46,8537200.56
2019-11-22,1.005,1.005,1.001,1.003,14566624.12,14620317.59
2019-11-23,1.006,1.0070000000000001,1.004,1.005,7455567.48,7496047.79
2019-11-24,1.008,1.01,1.005,1.006,8083615.18,8140333.44
2019-11-25,1.006,1.014,1.006,1.008,16995333.74,17131186.87
2019-11-26,1.004,1.0070000000000001,1.003,1.006,5818759.95,5844568.81
2019-11-27,1.004,1.006,1.003,1.004,7288659.43,7320919.01
2019-11-28,1.004,1.006,1.001,1.004,6271998.43,6295478.04
2019-11-29,1.003,1.013,1.003,1.004,5553905.8,5581233.99
2019-11-30,1.008,1.016,1.003,1.003,2035561.22,2045681.15
2019-12-01,1.0070000000000001,1.0190000000000001,1.005,1.008,3471300.0,3491136.0
2019-12-02,1.0070000000000001,1.0390000000000001,1.001,1.0070000000000001,3166723.26,3182416.22
2019-12-03,1.006,1.013,1.004,1.0070000000000001,3396781.09,3413609.25
2019-12-04,1.005,1.022,1.002,1.006,8939812.52,8986372.19
2019-12-05,1.003,1.0070000000000001,1.002,1.005,4826242.59,4843984.74
2019-12-06,1.004,1.0070000000000001,1.002,1.003,7399911.08,7428492.03
2019-12-07,1.0070000000000001,1.008,1.002,1.004,2687469.89,2699730.46
2019-12-08,1.006,1.012,1.004,1.0070000000000001,4004696.63,4024416.85
2019-12-09,1.003,1.0070000000000001,1.003,1.006,5514261.86,5533733.98
2019-12-10,1.002,1.012,1.001,1.003,5608976.59,5619211.11
2019-12-11,1.003,1.004,0.9998,1.002,6216362.31,6227060.67
2019-12-12,1.002,1.005,1.001,1.003,6684931.31,6700073.33
2019-12-13,1.004,1.0070000000000001,1.001,1.002,4502425.72,4518678.89
2019-12-14,1.0090000000000001,1.035,1.003,1.004,1965097.68,1974280.96
2019-12-15,1.006,1.013,1.005,1.0090000000000001,2153612.9,2165340.78
2019-12-16,1.003,1.008,1.002,1.006,12583635.3,12618039.9
2019-12-17,1.005,1.005,1.002,1.003,13779410.22,13839956.08
2019-12-18,1.005,1.005,1.002,1.005,7999906.03,8032113.74
2019-12-19,1.003,1.0070000000000001,1.0,1.005,5745922.98,5766605.82
2019-12-20,1.004,1.0090000000000001,1.001,1.003,3852234.24,3863895.67
2019-12-21,1.008,1.032,1.002,1.004,3016876.54,3031482.72
2019-12-22,1.006,1.018,1.003,1.008,1513378.13,1523539.58
2019-12-23,1.002,1.0090000000000001,1.001,1.006,4603722.11,4616776.85
2019-12-24,1.003,1.004,1.001,1.002,4345198.4,4356832.57
2019-12-25,1.001,1.0070000000000001,1.0,1.003,3117855.71,3126041.81
2019-12-26,1.003,1.0070000000000001,1.001,1.001,4667881.8,4678871.17
2019-12-27,1.002,1.004,0.9987,1.003,5150174.59,5154995.15
2019-12-28,1.003,1.005,1.001,1.002,3938089.18,3949937.63
2019-12-29,1.004,1.011,1.001,1.003,2326360.54,2332020.44
2019-12-30,1.001,1.01,0.9995,1.004,3819330.48,3824063.45
2019-12-31,1.002,1.016,0.9996,1.001,2409555.42,2412864.22
2020-01-01,1.008,1.0170000000000001,1.001,1.002,1079045.36,1085143.09
2020-01-02,1.003,1.0190000000000001,1.003,1.008,2666836.7,2673098.51
2020-01-03,1.002,1.005,1.001,1.003,7441037.54,7457638.97
2020-01-04,1.002,1.0070000000000001,0.9999,1.002,3255138.78,3264692.26
2020-01-05,1.002,1.004,1.001,1.002,5161205.21,5174488.68
2020-01-06,1.002,1.004,1.001,1.002,4984609.61,4991970.85
2020-01-07,1.001,1.002,1.0,1.002,8642519.5,8650422.09
2020-01-08,1.0,1.001,1.0,1.001,8874517.7,8880143.07
2020-01-09,1.0,1.002,1.0,1.0,5703041.63,5707479.5
2020-01-10,1.0,1.005,0.9996,1.0,8663881.48,8666721.42
2020-01-11,1.0,1.001,1.0,1.0,9335808.62,9337620.2
2020-01-12,0.9997,1.001,0.9995,1.0,10932727.72,10930838.42
2020-01-13,1.001,1.001,0.9992,0.9997,4608208.6,4607693.31
2020-01-14,0.9972,1.002,0.997,1.001,25112806.54,25098406.1
2020-01-15,0.9986,0.9998,0.9959,0.9972,10700843.39,10674827.25
2020-01-16,0.9995,1.0,0.9978,0.9986,5465228.49,5459971.86
2020-01-17,0.9979,0.9998,0.9978,0.9995,10268421.88,10252152.76
2020-01-18,0.9991,0.9997,0.9975,0.9979,4857187.68,4851536.07
2020-01-19,0.9997,1.001,0.9969,0.9991,5726856.67,5719094.55
2020-01-20,0.9996,1.001,0.9989,0.9997,3792503.61,3792196.59
2020-01-21,0.9997,1.001,0.9991,0.9996,4076201.04,4073644.67
2020-01-22,0.9994,1.001,0.9985,0.9997,3705370.19,3703186.86
2020-01-23,0.9990000000000001,1.0,0.9978,0.9994,4625962.75,4618353.73
2020-01-24,1.0,1.001,0.9985,0.9990000000000001,4802742.71,4800723.12
2020-01-25,1.002,1.005,0.9993,1.0,2477121.21,2478004.11
2020-01-26,1.001,1.0070000000000001,0.9993,1.002,3416868.06,3418173.59
2020-01-27,0.9988,1.003,0.9982,1.001,6546166.64,6538922.69
2020-01-28,1.001,1.002,0.9983,0.9988,5872964.57,5873328.6
2020-01-29,0.9996,1.001,0.9986,1.001,4360727.2,4361691.85
2020-01-30,0.9990000000000001,1.001,0.9977,0.9996,7193381.87,7188016.58
2020-01-31,0.9994,1.0,0.9981,0.9990000000000001,4764423.09,4760488.31
2020-02-01,1.001,1.002,0.9976,0.9994,3159917.28,3162796.77
2020-02-02,1.0,1.002,0.9991,1.001,3159967.73,3159931.16
2020-02-03,1.0,1.002,0.9988,1.0,6823474.89,6822128.76
2020-02-04,0.9991,1.001,0.9977,1.0,6418183.1,6414762.65
2020-02-05,0.9997,1.001,0.9979,0.9991,8832757.18,8830794.68
2020-02-06,0.9984,1.001,0.9981,0.9997,10111466.41,10109339.36
2020-02-07,0.9981,0.9995,0.9974,0.9984,11308371.39,11286192.87
2020-02-08,0.9998,1.001,0.9975,0.9981,7903211.73,7897845.58
2020-02-09,0.9996,1.001,0.9989,0.9998,7165964.04,7162579.74
2020-02-10,1.003,1.0090000000000001,0.9988,0.9996,11384751.75,11390693.78
2020-02-11,1.003,1.04,0.9993,1.003,12832615.98,12864329.54
2020-02-12,1.001,1.006,1.0,1.003,11649577.79,11665103.25
2020-02-13,0.9993,1.002,0.9989,1.001,12944165.61,12942919.76
2020-02-14,1.0,1.0,0.9986,0.9993,12347707.32,12340437.76
2020-02-15,1.0,1.001,0.9990000000000001,1.0,10357235.21,10357090.4
2020-02-16,1.001,1.002,0.9991,1.0,10333667.89,10344904.36
2020-02-17,1.001,1.003,1.001,1.001,15110815.78,15142033.9
2020-02-18,1.002,1.003,1.0,1.001,10373651.82,10388301.26
2020-02-19,1.0,1.003,0.9999,1.002,13081552.61,13101338.73
2020-02-20,1.001,1.002,0.9999,1.0,9221880.66,9232738.03
2020-02-21,1.001,1.002,1.001,1.001,7152512.6,7161440.86
2020-02-22,1.002,1.003,1.001,1.001,4799949.43,4806825.22
2020-02-23,1.002,1.004,1.001,1.002,8626242.1,8640628.11
2020-02-24,1.001,1.002,1.0,1.002,7539397.44,7549362.7
2020-02-25,1.001,1.003,1.0,1.001,5627253.1,5634955.04
2020-02-26,1.002,1.002,1.0,1.001,9607266.73,9620185.98
2020-02-27,1.001,1.003,1.001,1.002,8295932.35,8307647.12
2020-02-28,1.003,1.003,1.0,1.001,8730423.41,8744708.63
2020-02-29,1.002,1.004,1.002,1.003,5095440.71,5108126.28
2020-03-01,1.003,1.004,1.002,1.002,3767008.31,3778401.58
2020-03-02,1.002,1.004,1.001,1.003,8403787.82,8418548.96
2020-03-03,1.002,1.004,1.001,1.002,8418085.91,8437642.47
2020-03-04,1.003,1.004,1.001,1.002,8026784.44,8048844.36
2020-03-05,1.002,1.003,1.001,1.003,9918854.15,9935652.1
2020-03-06,1.002,1.003,1.001,1.002,10036340.26,10050103.69
2020-03-07,1.004,1.005,1.001,1.002,5110170.31,5124828.33
2020-03-08,1.004,1.005,1.001,1.004,11837459.52,11874048.36
2020-03-09,1.003,1.005,1.003,1.004,16220951.63,16280819.52
2020-03-10,1.003,1.003,1.002,1.003,9691725.99,9718024.88
2020-03-11,1.002,1.004,1.001,1.003,8808441.3,8826797.67
2020-03-12,1.012,1.032,0.9966,1.002,46703358.34,46842001.92
2020-03-13,1.0070000000000001,1.057,1.003,1.012,67295622.73,68331404.31
2020-03-14,1.005,1.008,1.003,1.0070000000000001,16015639.75,16090668.87
2020-03-15,1.001,1.06,1.001,1.005,29685251.4,29935153.63
2020-03-16,1.004,1.01,1.0,1.001,20671530.03,20726992.23
2020-03-17,1.005,1.014,1.003,1.004,14641273.63,14714699.41
2020-03-18,1.004,1.008,1.002,1.005,12253544.14,12301094.93
2020-03-19,1.003,1.0070000000000001,1.002,1.004,22469826.66,22564439.85
2020-03-20,1.001,1.004,1.0,1.003,22364425.4,22411119.99
2020-03-21,1.002,1.002,1.001,1.001,6424115.89,6432874.95
2020-03-22,1.001,1.003,1.001,1.002,8935733.13,8951391.96
2020-03-23,1.004,1.004,1.001,1.001,13617989.33,13654510.91
2020-03-24,1.003,1.005,1.002,1.004,10808117.26,10848864.68
2020-03-25,1.002,1.004,1.001,1.003,11628862.88,11655605.06
2020-03-26,1.003,1.003,1.001,1.002,7215188.69,7231014.86
2020-03-27,1.003,1.004,1.002,1.003,2295568.34,2303109.82
